City_ID,City,Country,Date,Lat,Lng,Max Temp,Humidity,Cloudiness,Wind Speed
0,Kavaratti,IN,2022-07-15 04:05:28,10.5669,72.642,82.09,79,71,20.33
1,Krasnolesnyy,RU,2022-07-15 04:05:28,51.8807,39.5877,60.8,85,4,9.69
2,Rikitea,PF,2022-07-15 04:05:28,-23.1203,-134.9692,66.9,79,100,14.36
3,Onega,RU,2022-07-15 04:05:29,63.9061,38.1404,63.91,68,9,3.11
4,Vostok,RU,2022-07-15 04:05:29,46.4856,135.8833,66.92,69,98,11.03
5,Upernavik,GL,2022-07-15 04:05:29,72.7868,-56.1549,38.1,90,46,9.4
6,Severo-Kurilsk,RU,2022-07-15 04:05:30,50.6789,156.125,57.81,82,78,9.89
7,Havelock,US,2022-07-15 04:05:30,34.8791,-76.9013,82.38,91,0,5.75
8,Carnarvon,AU,2022-07-15 04:05:31,-24.8667,113.6333,71.31,63,0,11.18
9,Rengo,CL,2022-07-15 04:05:31,-34.4167,-70.8667,40.82,87,100,2.62
10,Jamestown,US,2022-07-15 04:05:08,42.097,-79.2353,62.24,77,0,3.44
11,Qaanaaq,GL,2022-07-15 04:05:32,77.484,-69.3632,46.81,78,97,8.12
12,Maridi,SS,2022-07-15 04:05:32,4.9158,29.4742,66.11,96,100,2.39
13,Albany,US,2022-07-15 04:05:32,42.6001,-73.9662,62.89,84,1,4.56
14,Provideniya,RU,2022-07-15 04:05:33,64.3833,-173.3,55.51,67,0,11.18
15,Kieta,PG,2022-07-15 04:05:33,-6.2167,155.6333,83.46,72,88,7.56
16,Pangnirtung,CA,2022-07-15 04:05:33,66.1451,-65.7125,52.2,62,8,2.51
17,Vaini,TO,2022-07-15 04:05:34,-21.2,-175.2,78.96,94,40,6.91
18,Saint-Philippe,RE,2022-07-15 04:05:34,-21.3585,55.7679,66.22,81,46,13.53
19,Barrow,US,2022-07-15 04:05:35,71.2906,-156.7887,37.42,65,20,8.05
20,Tuktoyaktuk,CA,2022-07-15 04:05:35,69.4541,-133.0374,36.66,83,98,19.91
21,Ribeira Grande,PT,2022-07-15 04:05:36,38.5167,-28.7,69.71,89,16,11.25
22,Dingle,PH,2022-07-15 04:05:36,10.9995,122.6711,86.59,70,88,4.59
23,San Cristobal,VE,2022-07-15 04:05:36,7.7669,-72.225,71.78,88,51,1.43
24,Chapais,CA,2022-07-15 04:05:37,49.7834,-74.8492,53.01,68,64,2.42
25,Ushuaia,AR,2022-07-15 04:05:37,-54.8,-68.3,26.26,86,0,2.3
26,Yuci,CN,2022-07-15 04:05:37,37.6803,112.7319,82.15,65,93,4.47
27,San Carlos,VE,2022-07-15 04:05:38,9.6612,-68.5827,71.85,90,11,3.02
28,Wenatchee,US,2022-07-15 04:04:00,47.4235,-120.3103,82.69,34,0,6.91
29,Nikel,RU,2022-07-15 04:05:38,69.4128,30.222,62.78,74,33,8.57
30,Walvis Bay,NA,2022-07-15 04:05:39,-22.9575,14.5053,63.86,42,0,5.59
31,Georgetown,MY,2022-07-15 04:05:39,5.4112,100.3354,87.73,74,20,3.44
32,Mana,GF,2022-07-15 04:05:39,5.6592,-53.7767,76.05,91,92,7.18
33,Sao Joao Da Barra,BR,2022-07-15 04:05:40,-21.6403,-41.0511,71.33,86,11,13.71
34,Sterling,US,2022-07-15 04:05:40,39.0062,-77.4286,76.12,88,40,3.44
35,Dubna,RU,2022-07-15 04:05:41,56.7333,37.1667,57.52,91,34,5.99
36,Luanda,AO,2022-07-15 04:02:51,-8.8368,13.2343,65.57,92,3,4.18
37,Lompoc,US,2022-07-15 04:03:06,34.6391,-120.4579,64.78,84,20,14.0
38,Shambu,ET,2022-07-15 04:05:41,9.5667,37.1,50.88,96,99,0.34
39,Balabac,PH,2022-07-15 04:05:42,7.9868,117.0645,85.42,71,79,9.28
40,Te Anau,NZ,2022-07-15 04:05:42,-45.4167,167.7167,38.07,97,100,1.39
41,Cidreira,BR,2022-07-15 04:05:42,-30.1811,-50.2056,61.0,96,100,14.99
42,Vallenar,CL,2022-07-15 04:05:43,-28.5708,-70.7581,48.87,85,98,10.38
43,Longyearbyen,SJ,2022-07-15 04:01:43,78.2186,15.6401,51.64,71,75,16.11
44,Changji,CN,2022-07-15 04:05:43,44.0167,87.3167,77.79,31,0,4.47
45,Hervey Bay,AU,2022-07-15 04:06:44,-25.2986,152.8535,65.75,65,10,17.4
46,Richards Bay,ZA,2022-07-15 04:06:44,-28.783,32.0377,62.96,77,71,6.62
47,Hofn,IS,2022-07-15 04:06:45,64.2539,-15.2082,49.53,68,6,5.08
48,Asau,RO,2022-07-15 04:06:45,46.4333,26.4,56.32,61,18,5.39
49,Lagoa,PT,2022-07-15 04:06:45,39.05,-27.9833,68.49,90,27,14.83
50,San Patricio,US,2022-07-15 04:06:46,28.017,-97.5169,84.09,65,65,6.06
51,Saint Anthony,US,2022-07-15 04:02:07,45.0205,-93.218,76.93,74,0,5.75
52,Bengkulu,ID,2022-07-15 04:06:46,-3.8004,102.2655,83.89,68,95,2.13
53,Nathdwara,IN,2022-07-15 04:06:47,24.9333,73.8167,76.19,63,55,10.07
54,Busselton,AU,2022-07-15 04:04:08,-33.65,115.3333,63.18,66,53,12.12
55,Anadyr,RU,2022-07-15 04:06:47,64.75,177.4833,54.1,76,75,6.71
56,Fortuna,US,2022-07-15 04:06:18,40.5982,-124.1573,58.86,78,28,1.99
57,Comodoro Rivadavia,AR,2022-07-15 04:06:48,-45.8667,-67.5,35.46,93,75,11.5
58,Leningradskiy,RU,2022-07-15 04:06:48,69.3833,178.4167,36.54,76,47,7.58
59,Amli,IN,2022-07-15 04:06:48,20.2833,73.0167,77.97,92,100,14.43
60,Honningsvag,NO,2022-07-15 04:06:49,70.9821,25.9704,53.35,94,40,1.14
61,Port Alfred,ZA,2022-07-15 04:06:49,-33.5906,26.891,55.54,82,1,9.53
62,Talnakh,RU,2022-07-15 04:06:49,69.4865,88.3972,61.21,50,97,3.38
63,Ponta Delgada,PT,2022-07-15 04:06:50,37.7333,-25.6667,70.5,88,20,8.05
64,Port Elizabeth,ZA,2022-07-15 04:06:50,-33.918,25.5701,49.32,90,1,1.01
65,Sao Jose Da Coroa Grande,BR,2022-07-15 04:06:51,-8.8978,-35.1478,73.76,86,28,8.88
66,Shirhatti,IN,2022-07-15 04:06:51,15.2333,75.5833,72.3,86,100,19.89
67,East London,ZA,2022-07-15 04:06:51,-33.0153,27.9116,57.34,71,0,7.67
68,Hecun,CN,2022-07-15 04:06:51,36.5333,114.1111,87.64,58,96,4.21
69,Gambela,ET,2022-07-15 04:06:52,8.25,34.5833,69.3,96,100,2.17
70,Arraial Do Cabo,BR,2022-07-15 04:06:52,-22.9661,-42.0278,70.63,90,8,21.61
71,Osoyoos,CA,2022-07-15 04:06:52,49.0331,-119.4524,73.94,30,0,3.56
72,Bambous Virieux,MU,2022-07-15 04:06:53,-20.3428,57.7575,70.21,88,75,3.44
73,Kaitangata,NZ,2022-07-15 04:06:53,-46.2817,169.8464,40.51,96,100,7.56
74,Punta Arenas,CL,2022-07-15 04:06:53,-53.15,-70.9167,26.71,100,75,6.91
75,Bluff,NZ,2022-07-15 04:06:54,-46.6,168.3333,45.81,69,100,15.57
76,Somerset West,ZA,2022-07-15 04:06:54,-34.084,18.8211,55.87,90,21,1.01
77,Luganville,VU,2022-07-15 04:06:55,-15.5333,167.1667,81.18,74,48,5.59
78,Ponta Do Sol,PT,2022-07-15 04:06:55,32.6667,-17.1,70.0,79,2,4.21
79,Lasa,IT,2022-07-15 04:06:55,46.6166,10.7002,60.37,77,1,5.08
80,Butaritari,KI,2022-07-15 04:06:56,3.0707,172.7902,82.2,80,41,18.05
81,Lebu,CL,2022-07-15 04:06:56,-37.6167,-73.65,41.76,89,100,5.82
82,Puerto Del Rosario,ES,2022-07-15 04:06:56,28.5004,-13.8627,69.55,78,0,10.36
83,Tasiilaq,GL,2022-07-15 04:06:57,65.6145,-37.6368,46.56,78,100,12.24
84,Coihaique,CL,2022-07-15 04:06:57,-45.5752,-72.0662,31.95,74,20,2.3
85,Isangel,VU,2022-07-15 04:06:57,-19.55,169.2667,75.31,78,71,11.34
86,Alyangula,AU,2022-07-15 04:06:58,-13.8483,136.4192,74.28,58,66,15.46
87,Los Llanos De Aridane,ES,2022-07-15 04:06:58,28.6585,-17.9182,67.75,90,75,11.5
88,Izobilnyy,RU,2022-07-15 04:06:58,45.3741,41.7121,67.32,85,0,4.38
89,Iqaluit,CA,2022-07-15 04:06:58,63.7506,-68.5145,40.69,86,17,5.99
90,Rozvadiv,UA,2022-07-15 04:06:59,49.5,23.6167,61.36,91,100,5.88
91,Zhigansk,RU,2022-07-15 04:07:59,66.7697,123.3711,66.63,62,45,15.3
92,San Ramon De La Nueva Oran,AR,2022-07-15 04:08:00,-23.1322,-64.326,55.42,64,1,3.8
93,Hermanus,ZA,2022-07-15 04:08:00,-34.4187,19.2345,49.8,83,29,7.78
94,Madisonville,US,2022-07-15 04:08:00,37.3281,-87.4989,72.95,92,0,4.5
95,Bolobo,CD,2022-07-15 04:07:10,-2.1667,16.2333,71.33,64,37,2.08
96,Praia Da Vitoria,PT,2022-07-15 04:08:01,38.7333,-27.0667,69.76,89,30,16.69
97,Dakar,SN,2022-07-15 04:06:37,14.6937,-17.4441,77.88,82,100,6.44
98,Zambezi,ZM,2022-07-15 04:08:02,-13.5432,23.1047,48.04,75,0,5.23
99,Barahona,DO,2022-07-15 04:08:02,18.2085,-71.1008,78.58,77,92,0.81
100,Husavik,IS,2022-07-15 04:08:02,66.0449,-17.3389,44.96,89,20,1.63
101,Kaeo,NZ,2022-07-15 04:08:03,-35.1,173.7833,61.32,74,100,5.46
102,Cape Town,ZA,2022-07-15 04:08:03,-33.9258,18.4232,55.9,83,15,5.99
103,Taoudenni,ML,2022-07-15 04:08:04,22.6783,-3.9836,94.26,11,4,13.96
104,Chulym,RU,2022-07-15 04:08:04,55.0997,80.9572,59.65,77,79,10.92
105,Tarakan,ID,2022-07-15 04:08:04,3.3,117.6333,83.7,79,40,5.75
106,Codrington,AU,2022-07-15 04:08:05,-38.2667,141.9667,54.77,70,100,10.16
107,Kapaa,US,2022-07-15 04:08:05,22.0752,-159.319,84.18,79,75,14.97
108,Norman Wells,CA,2022-07-15 04:08:06,65.282,-126.8329,51.84,87,100,5.75
109,Klaksvik,FO,2022-07-15 04:06:16,62.2266,-6.589,49.12,88,46,17.4
110,Mokhsogollokh,RU,2022-07-15 04:08:06,61.4681,128.9203,81.23,50,44,3.8
111,Mataura,NZ,2022-07-15 04:08:06,-46.1927,168.8643,45.48,97,100,4.23
112,Narsaq,GL,2022-07-15 04:08:07,60.9167,-46.05,57.42,62,100,4.18
113,Pevek,RU,2022-07-15 04:08:07,69.7008,170.3133,32.86,84,22,12.41
114,Atuona,PF,2022-07-15 04:08:08,-9.8,-139.0333,77.68,68,9,15.95
115,Shchelkun,RU,2022-07-15 04:08:08,56.3034,60.9483,78.37,64,73,3.29
116,Victoria,HK,2022-07-15 04:04:33,22.2855,114.1577,92.97,69,96,8.01
117,Jian,CN,2022-07-15 04:08:08,27.1172,114.9793,95.02,51,100,8.25
118,Flinders,AU,2022-07-15 04:08:09,-34.5833,150.8552,63.37,54,0,3.06
119,Lovozero,RU,2022-07-15 04:08:09,68.005,35.0117,65.35,66,7,7.72
120,Mar Del Plata,AR,2022-07-15 04:06:46,-38.0023,-57.5575,55.09,97,100,1.99
121,Sarangani,PH,2022-07-15 04:08:10,5.4033,125.4636,82.72,72,90,3.65
122,Thompson,CA,2022-07-15 04:08:10,55.7435,-97.8558,64.87,46,29,5.75
123,Chokurdakh,RU,2022-07-15 04:08:11,70.6333,147.9167,68.65,45,100,10.92
124,Port Lincoln,AU,2022-07-15 04:08:11,-34.7333,135.8667,59.16,46,99,14.61
125,Olinda,BR,2022-07-15 04:08:11,-8.0089,-34.8553,73.13,88,20,6.91
126,Sehithwa,BW,2022-07-15 04:08:12,-20.4667,22.7167,52.86,45,1,5.48
127,Makakilo City,US,2022-07-15 04:08:12,21.3469,-158.0858,82.72,60,20,13.8
128,Dikson,RU,2022-07-15 04:08:13,73.5069,80.5464,43.52,76,26,11.97
129,Zelenets,RU,2022-07-15 04:08:13,61.8849,50.7489,68.41,87,94,6.15
130,Port Hardy,CA,2022-07-15 04:08:13,50.6996,-127.4199,59.68,75,100,6.69
131,Baglan,AF,2022-07-15 04:08:14,36.1307,68.7083,93.27,13,0,3.53
132,Seoul,KR,2022-07-15 04:03:44,37.5683,126.9778,87.19,48,2,8.81
133,Arona,ES,2022-07-15 04:08:14,28.0996,-16.681,73.9,58,20,4.61
134,Beringovskiy,RU,2022-07-15 04:08:15,63.05,179.3167,48.24,87,30,14.18
135,Camopi,GF,2022-07-15 04:08:15,3.1655,-52.3158,71.01,99,70,1.66
136,Benito Juarez,MX,2022-07-15 04:04:41,19.385,-99.165,62.42,70,100,6.91
137,Saint George,US,2022-07-15 04:08:16,37.1041,-113.5841,84.79,42,0,1.99
138,Kahului,US,2022-07-15 04:09:16,20.8947,-156.47,80.62,72,40,19.57
139,Padang,ID,2022-07-15 04:09:16,-0.9492,100.3543,87.85,65,100,4.14
140,Tigre,AR,2022-07-15 04:09:17,-34.426,-58.5796,53.6,93,93,2.3
141,Avarua,CK,2022-07-15 04:09:17,-21.2078,-159.775,75.25,69,20,12.66
142,Benavente,ES,2022-07-15 04:09:18,42.0025,-5.6783,71.92,25,99,12.93
143,Newport,GB,2022-07-15 04:06:55,51.5877,-2.9984,56.53,81,41,2.04
144,Yellowknife,CA,2022-07-15 04:09:18,62.456,-114.3525,57.2,69,43,17.4
145,Dum Duma,IN,2022-07-15 04:09:19,27.5667,95.5667,92.79,64,6,0.76
146,Ontario,US,2022-07-15 04:08:54,34.0633,-117.6509,85.39,64,40,9.22
147,Ust-Nera,RU,2022-07-15 04:09:19,64.5667,143.2,80.04,45,96,1.07
148,Souillac,MU,2022-07-15 04:09:19,-20.5167,57.5167,66.58,88,75,3.44
149,Gamba,GA,2022-07-15 04:09:20,-2.65,10.0,70.07,91,86,3.31
150,Hobart,AU,2022-07-15 04:07:48,-42.8794,147.3294,52.27,89,75,5.75
151,Tocopilla,CL,2022-07-15 04:09:20,-22.092,-70.1979,56.26,60,6,0.51
152,Portland,US,2022-07-15 04:08:37,45.5234,-122.6762,76.98,54,20,6.91
153,Airai,TL,2022-07-15 04:05:45,-8.9266,125.4092,70.0,53,29,4.43
154,Ilulissat,GL,2022-07-15 04:09:21,69.2167,-51.1,53.62,40,100,14.97
155,Weihe,CN,2022-07-15 04:09:21,32.9952,105.3247,79.3,82,85,6.73
156,Sabha,LY,2022-07-15 04:09:22,27.0377,14.4283,72.93,47,1,13.04
157,Kangaatsiaq,GL,2022-07-15 04:06:16,68.3065,-53.4641,40.32,91,0,14.29
158,Chateauroux,FR,2022-07-15 04:07:32,46.8167,1.7,60.8,72,0,4.61
159,Adrar,MR,2022-07-15 04:09:22,20.5022,-10.0711,92.07,29,52,10.98
160,Sobolevo,RU,2022-07-15 04:09:23,54.4299,31.8996,53.83,93,50,7.87
161,Bredy,RU,2022-07-15 04:09:23,52.4153,60.3411,77.45,60,75,5.12
162,Saint-Augustin,CA,2022-07-15 04:08:35,51.226,-58.6502,57.18,71,16,6.04
163,Ulaanbaatar,MN,2022-07-15 04:09:23,47.9077,106.8832,59.13,82,40,6.71
164,Khatanga,RU,2022-07-15 04:09:24,71.9667,102.5,57.63,45,67,6.73
165,Kanadey,RU,2022-07-15 04:09:24,53.1679,47.5264,62.33,81,48,10.27
166,Katsuura,JP,2022-07-15 04:09:24,35.1333,140.3,77.02,84,100,8.37
167,Waipawa,NZ,2022-07-15 04:09:25,-41.4122,175.5153,45.95,74,84,4.7
168,Tommot,RU,2022-07-15 04:09:25,58.9564,126.2925,85.39,47,31,3.49
169,Tuatapere,NZ,2022-07-15 04:09:26,-46.1333,167.6833,42.13,83,100,8.05
170,Moose Factory,CA,2022-07-15 04:09:26,51.2585,-80.6094,59.18,62,7,5.82
171,Mahebourg,MU,2022-07-15 04:09:26,-20.4081,57.7,70.25,88,75,3.44
172,Agadez,NE,2022-07-15 04:09:27,19.75,10.25,82.85,16,5,10.42
173,Gizycko,PL,2022-07-15 04:09:27,54.0381,21.7644,51.98,87,32,10.22
174,Yichun,CN,2022-07-15 04:09:28,47.7,128.9,74.98,61,100,11.79
175,Auki,SB,2022-07-15 04:09:28,-8.7676,160.7034,84.52,65,100,3.78
176,Mount Isa,AU,2022-07-15 04:09:29,-20.7333,139.5,67.77,21,29,12.66
177,Igrim,RU,2022-07-15 04:09:29,63.1906,64.4162,79.48,51,34,5.08
178,Hastings,GB,2022-07-15 04:09:29,50.8552,0.5729,58.17,96,78,5.1
179,Chuy,UY,2022-07-15 04:09:30,-33.6971,-53.4616,60.35,96,100,9.31
180,Bereda,ES,2022-07-15 04:09:30,43.2686,-7.5406,69.42,83,100,5.68
181,Kodiak,US,2022-07-15 04:09:30,57.79,-152.4072,62.11,77,100,0.0
182,Kruisfontein,ZA,2022-07-15 04:09:31,-34.0033,24.7314,49.17,89,3,5.06
183,Kloulklubed,PW,2022-07-15 04:05:45,7.0419,134.2556,84.7,71,97,6.76
184,Minab,IR,2022-07-15 04:10:31,27.1467,57.0801,99.75,33,93,0.36
185,Deputatskiy,RU,2022-07-15 04:10:32,69.3,139.9,73.4,39,34,7.58
186,Cap-Aux-Meules,CA,2022-07-15 04:10:32,47.3821,-61.8597,60.73,72,50,8.84
187,Tiksi,RU,2022-07-15 04:10:32,71.6872,128.8694,54.19,63,39,18.43
188,Garca,BR,2022-07-15 04:10:33,-22.2106,-49.6561,61.36,55,54,5.03
189,Mahon,ES,2022-07-15 04:10:33,39.8885,4.2658,72.16,94,0,4.61
190,Bedele,ET,2022-07-15 04:10:34,8.456,36.353,55.76,97,98,1.43
191,Mount Gambier,AU,2022-07-15 04:10:34,-37.8333,140.7667,56.17,61,94,9.15
192,Barabai,ID,2022-07-15 04:10:34,-2.5833,115.3833,82.36,72,98,2.08
193,Wewak,PG,2022-07-15 04:10:35,-3.5534,143.6268,83.12,74,100,4.83
194,Santa Catarina De Tepehuanes,MX,2022-07-15 04:10:35,25.35,-105.7333,71.8,46,62,2.84
195,Hovd,MN,2022-07-15 04:10:36,48.0056,91.6419,61.45,36,0,5.97
196,Hasaki,JP,2022-07-15 04:10:36,35.7333,140.8333,79.29,84,100,8.41
197,Huarmey,PE,2022-07-15 04:10:36,-10.0681,-78.1522,61.09,85,52,11.5
198,Elko,US,2022-07-15 04:10:37,41.0002,-115.5012,84.22,16,100,3.44
199,Maarianhamina,AX,2022-07-15 04:10:37,60.0973,19.9348,55.26,76,0,4.61
200,Mikuni,JP,2022-07-15 04:10:38,36.2171,136.1519,80.38,80,93,8.79
201,Touros,BR,2022-07-15 04:10:38,-5.1989,-35.4608,73.29,86,27,12.95
202,Namibe,AO,2022-07-15 04:10:38,-15.1961,12.1522,66.38,74,4,3.13
203,Udgir,IN,2022-07-15 04:10:39,18.3833,77.1167,73.02,82,100,17.49
204,Berlevag,NO,2022-07-15 04:10:39,70.8578,29.0864,64.2,94,100,2.3
205,Puerto Ayora,EC,2022-07-15 04:10:40,-0.7393,-90.3518,68.56,97,57,8.01
206,Nanchang,CN,2022-07-15 04:09:36,28.6833,115.8833,97.3,46,100,10.4
207,Gimli,CA,2022-07-15 04:10:40,50.6336,-96.9907,65.59,94,38,7.54
208,Amos,CA,2022-07-15 04:10:41,48.5669,-78.1162,47.17,60,1,3.98
209,Trairi,BR,2022-07-15 04:07:04,-3.2778,-39.2689,77.49,81,24,10.22
210,Altay,CN,2022-07-15 04:10:41,47.8667,88.1167,68.2,33,0,5.82
211,Pitimbu,BR,2022-07-15 04:10:42,-7.4706,-34.8086,72.19,85,17,12.1
212,Arvin,US,2022-07-15 04:10:42,35.2091,-118.8284,96.06,42,1,1.72
213,Abnub,EG,2022-07-15 04:10:42,27.2696,31.1511,74.43,51,0,9.01
214,Zinder,NE,2022-07-15 04:10:43,13.8072,8.9881,82.26,58,47,13.96
215,Rafai,CF,2022-07-15 04:10:43,4.95,23.9167,67.46,99,100,1.03
216,Ankazoabo,MG,2022-07-15 04:10:43,-22.2833,44.5167,55.09,67,0,5.41
217,Yar-Sale,RU,2022-07-15 04:10:44,66.8333,70.8333,64.45,49,72,9.71
218,Sheridan,US,2022-07-15 04:10:44,44.8333,-106.9173,70.7,62,0,11.5
219,Mehamn,NO,2022-07-15 04:10:45,71.0357,27.8492,57.11,94,75,4.61
220,Conop,RO,2022-07-15 04:10:45,46.1,21.8833,65.61,58,43,2.77
221,Kasongo-Lunda,CD,2022-07-15 04:10:45,-6.4667,16.8167,63.75,42,9,1.72
222,Terrace Bay,CA,2022-07-15 04:10:46,48.7834,-87.1,46.09,80,83,1.05
223,Canberra,AU,2022-07-15 04:10:46,-35.2835,149.1281,54.68,61,0,9.22
224,Castro,BR,2022-07-15 04:10:47,-24.7911,-50.0119,55.27,82,21,5.44
225,Muzaffarabad,PK,2022-07-15 04:10:47,34.37,73.4711,84.96,58,86,1.97
226,Puerto Escondido,MX,2022-07-15 04:10:48,15.85,-97.0667,77.83,69,75,5.75
227,Vestmannaeyjar,IS,2022-07-15 04:10:48,63.4427,-20.2734,49.66,77,69,2.84
228,Roald,NO,2022-07-15 04:10:48,62.5833,6.1333,51.33,87,100,13.8
229,Bedford,GB,2022-07-15 04:10:16,52.1346,-0.4663,55.11,84,88,5.61
230,Labuhan,ID,2022-07-15 04:11:49,-6.8844,112.2051,84.04,70,66,10.0
231,El Limon,VE,2022-07-15 04:11:49,10.3059,-67.6321,69.8,90,12,2.82
232,Karimnagar,IN,2022-07-15 04:11:50,18.4333,79.15,79.29,79,92,17.45
233,Corn Island,NI,2022-07-15 04:11:50,12.1694,-83.0418,81.54,84,64,17.16
234,Caramay,PH,2022-07-15 04:11:50,10.1815,119.236,85.08,76,91,5.75
235,Kayankulam,IN,2022-07-15 04:11:51,9.1833,76.5,81.97,80,88,12.39
236,Guerrero Negro,MX,2022-07-15 04:11:51,27.9769,-114.0611,66.67,85,5,14.47
237,Nanortalik,GL,2022-07-15 04:11:51,60.1432,-45.2371,43.41,83,99,6.26
238,Lahad Datu,MY,2022-07-15 04:11:52,5.0268,118.327,78.44,87,100,2.62
239,New Norfolk,AU,2022-07-15 04:11:52,-42.7826,147.0587,51.93,59,91,6.26
240,Esperance,AU,2022-07-15 04:08:31,-33.8667,121.9,64.24,62,62,25.37
241,Bonthe,SL,2022-07-15 04:11:53,7.5264,-12.505,74.79,92,100,4.83
242,Alofi,NU,2022-07-15 04:11:53,-19.0595,-169.9187,77.83,69,93,22.44
243,Ternate,ID,2022-07-15 04:11:53,0.8,127.4,79.95,84,99,10.85
244,Clyde River,CA,2022-07-15 04:11:54,70.4692,-68.5914,48.45,60,12,1.95
245,Fort Nelson,CA,2022-07-15 04:09:34,58.8053,-122.7002,63.75,56,87,2.84
246,Buala,SB,2022-07-15 04:11:54,-8.145,159.5921,83.71,70,100,7.14
247,Vila Velha,BR,2022-07-15 04:11:55,-20.3297,-40.2925,66.94,98,17,5.03
248,Sitka,US,2022-07-15 04:11:55,57.0531,-135.33,62.49,59,100,10.36
249,Punta Gorda,US,2022-07-15 04:07:43,26.9298,-82.0454,78.01,90,0,8.99
250,Madison,US,2022-07-15 04:11:12,34.7334,-86.5667,74.86,78,0,0.0
251,Port Macquarie,AU,2022-07-15 04:11:56,-31.4333,152.9167,64.89,56,19,10.51
252,Yerbogachen,RU,2022-07-15 04:11:56,61.2767,108.0108,68.36,44,93,6.49
253,Eureka,US,2022-07-15 04:11:56,40.8021,-124.1637,59.13,82,25,8.01
254,Haines Junction,CA,2022-07-15 04:11:57,60.7522,-137.5108,52.29,88,100,2.39
255,Timra,SE,2022-07-15 04:11:57,62.487,17.3257,51.67,76,100,21.85
256,Ushtobe,KZ,2022-07-15 04:11:58,45.2514,77.9838,84.36,21,0,21.56
257,Kolondieba,ML,2022-07-15 04:11:58,11.0882,-6.8926,72.84,91,100,3.15
258,Talaya,RU,2022-07-15 04:11:58,61.3833,152.75,76.82,36,100,5.01
259,Santiago,CL,2022-07-15 04:07:20,-33.4569,-70.6483,45.86,82,75,2.3
260,Salalah,OM,2022-07-15 04:11:59,17.0151,54.0924,77.16,95,100,4.43
261,Aranda De Duero,ES,2022-07-15 04:11:59,41.6704,-3.6892,70.88,21,5,6.78
262,Aksarka,RU,2022-07-15 04:12:00,66.5606,67.7975,69.62,64,3,11.79
263,Rio Grande,BR,2022-07-15 04:12:00,-32.035,-52.0986,58.95,99,100,14.43
264,Aklavik,CA,2022-07-15 04:12:00,68.2191,-135.0107,45.39,64,91,15.08
265,Soe,ID,2022-07-15 04:12:01,-9.8607,124.284,74.16,57,53,9.42
266,Sibu,MY,2022-07-15 04:12:01,2.3,111.8167,93.24,48,66,0.83
267,Wamba,NG,2022-07-15 04:12:02,8.9333,8.6,69.93,97,62,1.1
268,Mombaca,BR,2022-07-15 04:12:02,-5.7431,-39.6275,73.83,65,33,1.81
269,Dongsheng,CN,2022-07-15 04:12:02,39.8161,109.9776,81.0,45,72,9.1
270,Petropavlovsk-Kamchatskiy,RU,2022-07-15 04:12:03,53.0452,158.6483,77.59,57,0,13.42
271,Faya,SA,2022-07-15 04:12:03,18.3851,42.4509,64.92,46,83,5.7
272,Verkhoyansk,RU,2022-07-15 04:12:04,67.5447,133.385,79.12,41,7,2.28
273,Lata,PT,2022-07-15 04:12:04,40.1629,-8.3327,70.07,54,46,1.88
274,Saldanha,ZA,2022-07-15 04:12:04,-33.0117,17.9442,52.72,82,11,7.94
275,Seminole,US,2022-07-15 04:12:05,28.7086,-81.2081,77.27,92,0,0.0
276,Tazmalt,DZ,2022-07-15 04:07:14,36.3868,4.3989,73.72,51,0,2.84
277,Fairbanks,US,2022-07-15 04:10:39,64.8378,-147.7164,69.76,34,20,4.61
278,Bud,US,2022-07-15 04:13:06,39.447,-86.1758,70.99,79,4,3.49
279,Hilo,US,2022-07-15 04:13:06,19.7297,-155.09,80.28,84,75,6.91
280,Kumbhraj,IN,2022-07-15 04:13:06,24.3667,77.05,84.78,69,100,6.08
281,Jiazi,CN,2022-07-15 04:13:07,22.8779,116.067,88.39,69,96,14.25
282,Tessalit,ML,2022-07-15 04:13:07,20.1986,1.0114,89.37,38,11,13.71
283,Porto Walter,BR,2022-07-15 04:13:08,-8.2686,-72.7439,73.83,85,35,3.0
284,Cayenne,GF,2022-07-15 04:13:08,4.9333,-52.3333,79.09,1,75,2.3
285,Nurota,UZ,2022-07-15 04:13:08,40.5614,65.6886,85.95,17,0,13.58
286,Grand Forks,US,2022-07-15 04:13:09,47.9417,-97.4337,69.53,88,75,10.36
287,Goderich,CA,2022-07-15 04:13:09,43.7501,-81.7165,56.91,70,0,5.77
288,Cockburn Town,TC,2022-07-15 04:13:09,21.4612,-71.1419,81.52,77,100,21.3
289,Srednekolymsk,RU,2022-07-15 04:13:10,67.45,153.6833,69.87,39,49,4.61
290,Usinsk,RU,2022-07-15 04:13:10,65.9939,57.5281,71.49,75,99,6.51
291,Eyl,SO,2022-07-15 04:13:11,7.9803,49.8164,81.16,64,100,24.79
292,Sibolga,ID,2022-07-15 04:13:11,1.7427,98.7792,85.64,65,100,2.66
293,Kerrobert,CA,2022-07-15 04:13:11,51.9168,-109.1348,67.93,61,64,10.2
294,Kagadi,UG,2022-07-15 04:13:12,0.9606,30.7967,66.07,47,94,2.44
295,Saint-Louis,SN,2022-07-15 04:13:12,16.3333,-15.0,79.16,69,21,12.24
296,Hithadhoo,MV,2022-07-15 04:13:13,-0.6,73.0833,83.68,73,71,13.06
297,Pisco,PE,2022-07-15 04:13:13,-13.7,-76.2167,58.01,82,12,2.3
298,Faanui,PF,2022-07-15 04:13:13,-16.4833,-151.75,76.82,64,45,23.2
299,Kisangani,CD,2022-07-15 04:13:14,0.5167,25.2,68.13,97,100,1.7
300,Atambua,ID,2022-07-15 04:13:14,-9.1061,124.8925,79.97,55,79,2.84
301,Caravelas,BR,2022-07-15 04:13:14,-17.7125,-39.2481,69.17,78,2,5.08
302,Hambantota,LK,2022-07-15 04:13:15,6.1241,81.1185,84.74,66,100,19.08
303,Esna,EG,2022-07-15 04:13:15,25.2934,32.554,79.86,35,2,15.61
304,Tabuk,PH,2022-07-15 04:13:16,17.4189,121.4443,87.67,73,37,5.32
305,Porto Novo,BJ,2022-07-15 04:12:54,6.4965,2.6036,74.5,89,95,6.24
306,Tskaltubo,GE,2022-07-15 04:13:16,42.3254,42.5979,65.34,94,75,3.44
307,Malpe,IN,2022-07-15 04:13:16,13.35,74.7167,81.7,82,99,17.76
308,Torbay,CA,2022-07-15 04:13:17,47.6666,-52.7314,59.29,93,100,6.91
309,Tucuman,AR,2022-07-15 04:12:01,-26.8241,-65.2226,42.8,87,0,6.91
310,Lewiston,US,2022-07-15 04:13:17,44.1003,-70.2148,63.63,95,0,3.33
311,Coquimbo,CL,2022-07-15 04:13:16,-29.9533,-71.3436,51.53,100,100,3.44
312,Byron Bay,AU,2022-07-15 04:11:22,-28.65,153.6167,63.95,66,81,13.56
313,Gdov,RU,2022-07-15 04:13:18,58.7406,27.8122,58.57,84,82,11.81
314,Cherskiy,RU,2022-07-15 04:13:18,68.75,161.3,59.16,38,46,5.75
315,Vardo,NO,2022-07-15 04:13:19,70.3705,31.1107,55.38,94,100,10.36
316,Mumford,GH,2022-07-15 04:13:19,5.2618,-0.759,74.57,90,100,9.66
317,Zhezkazgan,KZ,2022-07-15 04:13:19,47.8043,67.7144,85.98,17,0,8.95
318,Bredasdorp,ZA,2022-07-15 04:13:20,-34.5322,20.0403,48.07,87,11,2.95
319,Lorengau,PG,2022-07-15 04:13:20,-2.0226,147.2712,80.76,80,79,6.31
320,Marang,MY,2022-07-15 04:13:21,5.2056,103.2059,85.39,68,98,5.5
321,Mpongwe,ZM,2022-07-15 04:13:21,-13.5091,28.155,53.08,76,0,5.37
322,Abha,SA,2022-07-15 04:13:22,18.2164,42.5053,64.65,77,0,0.0
323,Dolores,AR,2022-07-15 04:13:22,-36.3132,-57.6792,51.57,99,92,4.03
324,Mikhaylovka,RU,2022-07-15 04:14:22,50.06,43.2379,66.78,69,0,12.93
325,Maryborough,AU,2022-07-15 04:14:23,-25.5333,152.7,67.42,55,9,9.51
326,Yining,CN,2022-07-15 04:14:23,29.0361,114.5636,99.07,40,100,4.45
327,Ambilobe,MG,2022-07-15 04:14:24,-13.2,49.05,66.45,79,54,3.69
328,Sept-Iles,CA,2022-07-15 04:14:24,50.2001,-66.3821,57.06,89,82,1.01
329,Bethel,US,2022-07-15 04:14:24,41.3712,-73.414,73.71,78,0,4.61
330,Cumana,VE,2022-07-15 04:14:25,10.4635,-64.1775,76.62,89,41,6.62
331,Milton,US,2022-07-15 04:14:24,34.1322,-84.3007,76.32,86,94,1.9
332,Galich,RU,2022-07-15 04:14:25,58.3797,42.3475,63.12,82,100,5.75
333,Khovu-Aksy,RU,2022-07-15 04:14:25,51.1333,93.6,57.04,51,30,3.51
334,Libertador General San Martin,AR,2022-07-15 04:14:26,-23.8064,-64.7876,60.6,32,0,3.71
335,Aden,YE,2022-07-15 04:14:26,12.7794,45.0367,84.87,72,100,26.04
336,Bacolod,PH,2022-07-15 04:14:27,10.6667,122.95,85.28,73,99,4.0
337,Nautla,MX,2022-07-15 04:14:27,20.2167,-96.7833,78.87,84,66,4.99
338,Cap Malheureux,MU,2022-07-15 04:14:28,-19.9842,57.6142,70.47,69,4,4.0
339,Kosa,RU,2022-07-15 04:14:28,59.9445,54.9977,69.67,84,76,9.01
340,Nibong Tebal,MY,2022-07-15 04:14:28,5.1659,100.4779,87.78,68,99,3.67
341,Ossora,RU,2022-07-15 04:14:29,59.2353,163.0719,66.6,68,53,13.49
342,Umarkot,PK,2022-07-15 04:14:29,25.3616,69.7362,87.64,67,100,7.61
343,Grindavik,IS,2022-07-15 04:14:29,63.8424,-22.4338,45.07,93,75,1.14
344,Shelburne,CA,2022-07-15 04:14:30,44.0787,-80.2041,57.24,63,0,4.54
345,Mosetse,BW,2022-07-15 04:14:30,-20.75,26.65,54.27,42,0,6.76
346,Tripoli,LY,2022-07-15 04:14:30,32.8752,13.1875,75.65,58,0,7.05
347,Saskylakh,RU,2022-07-15 04:14:31,71.9167,114.0833,56.19,47,19,7.83
348,Cascais,PT,2022-07-15 04:14:31,38.6979,-9.4215,72.97,70,1,4.0
349,Oda,JP,2022-07-15 04:14:31,35.1833,132.5,81.18,73,64,12.77
350,Ayan,RU,2022-07-15 04:14:32,56.45,138.1667,61.81,90,94,5.39
351,Frederico Westphalen,BR,2022-07-15 04:14:32,-27.3592,-53.3944,59.85,91,86,4.47
352,Asfi,MA,2022-07-15 04:14:32,32.2994,-9.2372,68.68,93,84,10.31
353,Tual,ID,2022-07-15 04:14:33,-5.6667,132.75,79.39,81,33,22.84
354,Burnie,AU,2022-07-15 04:14:33,-41.0667,145.9167,56.95,56,65,11.45
355,Phuthaditjhaba,ZA,2022-07-15 04:14:33,-28.5242,28.8158,39.06,73,1,3.04
356,Honiara,SB,2022-07-15 04:14:34,-9.4333,159.95,82.74,75,98,1.57
357,Tanda,IN,2022-07-15 04:14:34,26.55,82.65,99.21,35,41,19.8
358,Matay,EG,2022-07-15 04:14:35,28.419,30.7792,71.78,64,0,8.9
359,Hagere Hiywet,ET,2022-07-15 04:14:35,8.9833,37.85,57.78,96,100,1.54
360,Riacho De Santana,BR,2022-07-15 04:14:36,-13.6092,-42.9389,67.12,70,3,8.63
361,Marsaxlokk,MT,2022-07-15 04:14:36,35.8419,14.5431,76.08,83,0,5.75
362,Praya,CV,2022-07-15 04:14:36,14.9215,-23.5087,74.03,77,60,12.01
363,Sao Filipe,CV,2022-07-15 04:14:37,14.8961,-24.4956,74.1,78,37,7.56
364,Galle,LK,2022-07-15 04:14:37,6.0367,80.217,80.74,82,100,11.27
365,Sal Rei,CV,2022-07-15 04:14:37,16.1833,-22.9167,73.78,79,94,15.84
366,Sidi Ali,DZ,2022-07-15 04:14:38,36.0998,0.4206,72.95,58,0,8.93
367,Salta,AR,2022-07-15 04:15:38,-24.7859,-65.4117,54.73,23,0,4.97
368,Nouadhibou,MR,2022-07-15 04:15:38,20.931,-17.0347,69.78,88,6,13.8
369,College,US,2022-07-15 04:13:11,64.8569,-147.8028,69.75,35,75,4.61
370,Lusambo,CD,2022-07-15 04:15:39,-4.9667,23.45,69.84,58,65,2.01
371,Cao Bang,VN,2022-07-15 04:15:39,22.6667,106.25,90.23,62,72,3.44
372,Samarai,PG,2022-07-15 04:15:39,-10.6167,150.6667,77.63,65,100,19.08
373,Laguna,US,2022-07-15 04:15:40,38.421,-121.4238,82.76,42,0,10.36
374,Veraval,IN,2022-07-15 04:15:40,20.9,70.3667,81.1,90,100,20.15
375,Freeport,US,2022-07-15 04:14:30,40.6576,-73.5832,81.25,62,75,8.05
376,Loukhi,RU,2022-07-15 04:15:41,66.0764,33.0381,62.31,73,34,5.73
377,Mangrol,IN,2022-07-15 04:15:41,21.1167,70.1167,81.46,88,100,19.22
378,Sete,FR,2022-07-15 04:15:42,43.4018,3.6966,73.26,63,2,3.98
379,Egvekinot,RU,2022-07-15 04:15:42,66.3167,-179.1667,48.4,53,33,1.34
380,Dwarka,IN,2022-07-15 04:15:42,22.2394,68.9678,84.29,79,100,16.37
381,Erzin,TR,2022-07-15 04:15:43,36.9559,36.2,75.88,80,8,2.57
382,Soller,ES,2022-07-15 04:15:43,39.7662,2.7152,75.04,70,0,1.41
383,Dudinka,RU,2022-07-15 04:15:43,69.4058,86.1778,63.63,58,100,9.24
384,Komsomolskiy,UZ,2022-07-15 04:15:44,40.4272,71.7189,86.72,26,0,4.61
385,Moron,AR,2022-07-15 04:15:44,-34.6534,-58.6198,53.35,95,90,4.23
386,Boyolangu,ID,2022-07-15 04:15:45,-8.1181,111.8935,79.36,80,91,10.74
387,Lardos,GR,2022-07-15 04:15:45,36.0942,28.0157,77.95,57,0,3.49
388,Hargeysa,SO,2022-07-15 04:14:19,9.56,44.065,69.15,68,100,25.68
389,Wau,SS,2022-07-15 04:15:46,7.7029,27.9953,68.13,94,100,1.63
390,Verkhnevilyuysk,RU,2022-07-15 04:12:14,63.4453,120.3167,78.15,56,100,5.44
391,Nikolskoye,RU,2022-07-15 04:15:46,59.7035,30.7861,58.91,91,98,4.79
392,Saint-Joseph,RE,2022-07-15 04:15:47,-21.3667,55.6167,66.58,77,29,11.9
393,Nome,US,2022-07-15 04:15:47,64.5011,-165.4064,65.16,76,20,10.36
394,Bilibino,RU,2022-07-15 04:15:48,68.0546,166.4372,63.64,40,59,4.25
395,Half Moon Bay,US,2022-07-15 04:15:19,37.4636,-122.4286,65.88,82,100,14.97
396,Camocim,BR,2022-07-15 04:15:48,-2.9022,-40.8411,75.78,82,3,9.86
397,Jogindarnagar,IN,2022-07-15 04:15:48,31.9833,76.7667,77.31,71,100,2.95
398,Sambava,MG,2022-07-15 04:15:49,-14.2667,50.1667,67.24,81,6,9.08
399,Merrill,US,2022-07-15 04:14:49,45.1805,-89.6835,69.57,77,0,4.61
400,Luderitz,NA,2022-07-15 04:15:49,-26.6481,15.1594,62.55,43,17,5.35
401,Frutal,BR,2022-07-15 04:15:50,-20.0247,-48.9406,69.87,45,99,9.46
402,Plouzane,FR,2022-07-15 04:15:50,48.3833,-4.6167,57.25,94,0,8.05
403,Mayo,US,2022-07-15 04:13:49,38.8876,-76.5119,78.75,83,0,1.99
404,Acajutla,SV,2022-07-15 04:15:51,13.5928,-89.8275,78.58,82,100,5.82
405,Mabaruma,GY,2022-07-15 04:15:51,8.2,-59.7833,73.13,98,67,1.41
406,Sorland,NO,2022-07-15 04:15:52,67.667,12.6934,49.86,81,100,17.76
407,Saint-Pierre,RE,2022-07-15 04:15:52,-21.3393,55.4781,67.91,67,0,6.91
408,Xiaoshi,CN,2022-07-15 04:15:52,41.2971,124.1209,71.56,93,82,5.75
409,Kozulka,UA,2022-07-15 04:15:53,50.0351,23.797,60.39,96,100,8.3
410,Oga,IT,2022-07-15 04:15:53,46.4631,10.347,59.68,81,2,4.27
411,Kaya,BF,2022-07-15 04:15:54,13.0917,-1.0844,81.66,64,50,7.11
412,Vila Franca Do Campo,PT,2022-07-15 04:15:54,37.7167,-25.4333,70.2,93,80,10.94
413,Bosanska Dubica,BA,2022-07-15 04:15:54,45.1767,16.8094,57.31,57,6,2.37
414,Poum,NC,2022-07-15 04:16:55,-20.2333,164.0167,73.04,62,0,21.16
415,Matara,LK,2022-07-15 04:16:55,5.9485,80.5353,81.84,77,100,12.55
416,Cooma,AU,2022-07-15 04:16:56,-36.2333,149.1333,52.07,35,0,0.81
417,Evensk,RU,2022-07-15 04:16:56,61.95,159.2333,75.29,43,66,7.29
418,Pasaco,GT,2022-07-15 04:16:56,13.9772,-90.2064,74.8,87,99,4.97
419,Puri,IN,2022-07-15 04:16:57,19.8,85.85,84.72,70,100,3.29
420,Kenai,US,2022-07-15 04:16:57,60.5544,-151.2583,64.02,84,0,10.36
421,Port-Gentil,GA,2022-07-15 04:16:58,-0.7193,8.7815,74.57,73,81,9.91
422,Mlyniv,UA,2022-07-15 04:16:58,50.509,25.6168,57.92,97,99,1.23
423,Hun,LY,2022-07-15 04:16:58,29.1268,15.9477,70.16,67,0,3.58
424,Neverkino,RU,2022-07-15 04:16:59,52.7854,46.7417,58.84,88,31,12.37
425,Morgan City,US,2022-07-15 04:12:15,29.6994,-91.2068,77.0,83,34,5.06
426,Winneba,GH,2022-07-15 04:16:59,5.3511,-0.6231,74.3,91,99,8.59
427,Oktyabrskiy,RU,2022-07-15 04:17:00,54.4815,53.471,66.31,93,100,5.26
428,Bulgan,MN,2022-07-15 04:17:00,48.8125,103.5347,57.69,87,100,5.75
429,Cabo San Lucas,MX,2022-07-15 04:17:00,22.8909,-109.9124,84.61,63,48,11.88
430,Voi,KE,2022-07-15 04:17:01,-3.3945,38.563,66.47,84,83,6.33
431,San Quintin,MX,2022-07-15 04:17:01,30.4833,-115.95,65.89,87,6,10.67
432,Butler,US,2022-07-15 04:17:02,39.4501,-84.5666,70.47,77,0,5.75
433,Takoradi,GH,2022-07-15 04:17:02,4.8845,-1.7554,75.18,88,100,8.5
434,North Bend,US,2022-07-15 04:15:20,43.4065,-124.2243,59.23,94,0,4.61
435,Hirara,JP,2022-07-15 04:17:03,24.8,125.2833,89.87,74,75,17.27
436,Porto Nacional,BR,2022-07-15 04:17:03,-10.7081,-48.4172,77.0,47,72,1.45
437,Janovice Nad Uhlavou,CZ,2022-07-15 04:17:03,49.3451,13.2181,55.31,78,76,1.05
438,Charters Towers,AU,2022-07-15 04:17:04,-20.1,146.2667,65.48,33,25,12.24
439,Ostrovnoy,RU,2022-07-15 04:17:04,68.0531,39.5131,63.52,73,38,11.9
440,Ibra,OM,2022-07-15 04:17:05,22.6906,58.5334,92.41,37,99,3.49
441,Rancho Palos Verdes,US,2022-07-15 04:15:05,33.7445,-118.387,72.43,88,39,5.99
442,Gogrial,SS,2022-07-15 04:17:05,8.5332,28.1004,69.85,92,100,2.93
443,Chato,TZ,2022-07-15 04:17:06,-2.6378,31.7669,65.95,58,67,4.94
444,Pulivendla,IN,2022-07-15 04:17:06,14.4167,78.2333,84.65,52,59,26.46
445,Kashan,IR,2022-07-15 04:17:06,33.9831,51.4364,90.99,12,0,6.91
446,Tongchuan,CN,2022-07-15 04:17:07,35.0806,109.0897,82.04,73,96,4.72
447,Biak,ID,2022-07-15 04:17:07,-0.9131,122.8766,73.18,96,100,2.42
448,Ahipara,NZ,2022-07-15 04:17:08,-35.1667,173.1667,57.58,67,99,7.4
449,Kamaishi,JP,2022-07-15 04:17:08,39.2667,141.8833,72.09,87,99,3.22
450,Imbituba,BR,2022-07-15 04:17:09,-28.24,-48.6703,65.86,99,100,15.99
451,Calabozo,VE,2022-07-15 04:17:09,8.9242,-67.4293,73.62,76,4,4.07
452,Disna,BY,2022-07-15 04:17:09,55.568,28.1971,52.75,93,70,8.99
453,Bintulu,MY,2022-07-15 04:17:10,3.1667,113.0333,88.21,62,20,3.44
454,Ylivieska,FI,2022-07-15 04:17:10,64.0833,24.55,54.88,91,67,6.08
455,Carahue,CL,2022-07-15 04:17:10,-38.7,-73.1667,39.33,95,100,2.3
456,Port Shepstone,ZA,2022-07-15 04:17:11,-30.7414,30.455,60.53,67,1,9.64
457,Camacha,PT,2022-07-15 04:17:11,33.0833,-16.3333,67.42,78,40,10.36
458,Launceston,AU,2022-07-15 04:17:12,-41.45,147.1667,58.6,61,40,10.36
459,Cananeia,BR,2022-07-15 04:17:12,-25.0147,-47.9267,66.81,98,94,1.77
460,Geraldton,AU,2022-07-15 04:17:12,-28.7667,114.6,64.81,82,100,8.05
461,Chimbote,PE,2022-07-15 04:14:46,-9.0853,-78.5783,61.27,82,76,12.01
462,Laela,TZ,2022-07-15 04:18:13,-8.5667,32.05,51.48,86,11,3.31
463,Tevaitoa,PF,2022-07-15 04:18:14,-16.7833,-151.5,76.91,60,46,23.89
464,San Carlos De Bariloche,AR,2022-07-15 04:15:56,-41.1456,-71.3082,29.08,96,98,5.93
465,Rajauri,IN,2022-07-15 04:18:14,33.3833,74.3,79.9,64,84,2.17
466,Progreso,MX,2022-07-15 04:18:15,21.2833,-89.6667,84.31,76,100,8.77
467,Carutapera,BR,2022-07-15 04:18:15,-1.195,-46.02,73.92,95,29,4.9
468,Wanning,CN,2022-07-15 04:18:15,18.8003,110.3967,88.63,69,48,9.69
469,Kayerkan,RU,2022-07-15 04:18:16,69.3497,87.7602,62.53,48,91,4.18
470,Jacqueville,CI,2022-07-15 04:18:16,5.2052,-4.4146,76.15,87,98,12.03
471,Enumclaw,US,2022-07-15 04:17:22,47.2043,-121.9915,69.94,71,0,3.33
472,Kuzhener,RU,2022-07-15 04:18:17,56.8111,48.9128,62.67,92,100,16.2
473,Juneau,US,2022-07-15 04:14:10,58.3019,-134.4197,62.6,100,100,0.0
474,Encheng,CN,2022-07-15 04:18:17,22.1839,112.3026,92.97,62,94,7.36
475,Garissa,KE,2022-07-15 04:18:18,-0.4536,39.6401,74.23,70,99,16.46
476,Guatire,VE,2022-07-15 04:18:18,10.4762,-66.5427,67.01,93,5,1.39
477,Grand Gaube,MU,2022-07-15 04:18:18,-20.0064,57.6608,71.38,68,6,4.0
478,Rusape,ZW,2022-07-15 04:18:19,-18.5278,32.1284,49.03,69,63,3.38
479,Ulladulla,AU,2022-07-15 04:18:19,-35.35,150.4667,57.02,47,0,3.69
480,Inta,RU,2022-07-15 04:18:20,66.0317,60.1659,75.78,65,98,6.76
481,Ilebo,CD,2022-07-15 04:18:20,-4.3167,20.5833,72.59,46,71,1.05
482,Bara,NG,2022-07-15 04:18:20,10.3744,10.7288,71.73,93,37,6.42
483,Iracoubo,GF,2022-07-15 04:18:21,5.4802,-53.2011,75.72,91,90,7.14
484,Kavieng,PG,2022-07-15 04:18:21,-2.5744,150.7967,83.01,75,74,11.88
485,Roma,US,2022-07-15 04:18:15,43.2128,-75.4557,60.96,83,0,1.99
486,Podporozhye,RU,2022-07-15 04:18:22,60.9112,34.1706,56.93,95,91,4.59
487,Bardiyah,LY,2022-07-15 04:18:22,31.7561,25.0865,75.31,67,0,17.98
488,Port Keats,AU,2022-07-15 04:18:23,-14.25,129.55,82.29,21,16,8.14
489,Warren,US,2022-07-15 04:13:36,39.4334,-84.1666,70.29,81,20,5.75
490,Coahuayana,MX,2022-07-15 04:18:23,18.7333,-103.6833,79.16,87,87,1.01
491,Atar,MR,2022-07-15 04:18:23,20.5169,-13.0499,87.17,42,96,10.09
492,Nuevo Casas Grandes,MX,2022-07-15 04:18:24,30.4167,-107.9167,79.75,43,28,5.01
493,Jaisalmer,IN,2022-07-15 04:18:24,26.9147,70.9181,87.67,64,97,8.32
494,Santa Maria,BR,2022-07-15 04:17:40,-29.6842,-53.8069,61.79,98,100,7.34
495,Buin,CL,2022-07-15 04:18:25,-33.7333,-70.75,45.73,83,99,3.44
496,Madimba,TZ,2022-07-15 04:18:25,-10.4,40.3333,71.15,87,42,10.16
497,Santarem,BR,2022-07-15 04:18:26,-2.4431,-54.7083,73.53,100,0,4.61
498,Guider,CM,2022-07-15 04:18:26,9.9342,13.9486,74.21,87,100,4.05
499,Kiunga,PG,2022-07-15 04:18:26,-6.1219,141.2906,77.43,83,98,4.94
500,Piotrkow Trybunalski,PL,2022-07-15 04:18:27,51.4055,19.7032,61.18,18,57,5.75
501,Mulbagal,IN,2022-07-15 04:18:27,13.1667,78.4,74.91,65,82,22.97
502,Beihai,CN,2022-07-15 04:18:28,21.4833,109.1,86.29,76,53,9.73
503,Balkhash,KZ,2022-07-15 04:19:28,46.844,74.9804,83.01,30,0,6.71
504,Xixiang,CN,2022-07-15 04:19:29,35.1628,112.865,80.56,86,100,3.29
505,Aswan,EG,2022-07-15 04:19:29,24.0934,32.907,80.62,27,35,9.44
506,Saryg-Sep,RU,2022-07-15 04:19:29,51.5,95.6,57.97,71,98,4.54
507,Dalbandin,PK,2022-07-15 04:19:30,28.8947,64.4101,87.39,34,83,2.82
508,Elizabeth City,US,2022-07-15 04:19:30,36.2946,-76.2511,79.02,94,0,0.0
509,Amazar,RU,2022-07-15 04:19:31,53.858,120.875,77.59,62,100,2.39
510,Meulaboh,ID,2022-07-15 04:19:31,4.1363,96.1285,85.41,60,85,5.03
511,Great Yarmouth,GB,2022-07-15 04:19:32,52.6083,1.7305,54.41,86,61,8.21
512,Saint-Georges,GD,2022-07-15 04:18:00,12.0564,-61.7485,78.48,89,40,0.0
513,Alice Springs,AU,2022-07-15 04:19:32,-23.7,133.8833,65.75,16,4,8.05
514,Menongue,AO,2022-07-15 04:19:32,-14.6585,17.691,45.21,60,0,4.32
515,Mugur-Aksy,RU,2022-07-15 04:19:33,50.35,90.5,48.42,52,86,3.27
516,Rosarito,MX,2022-07-15 04:19:33,32.3333,-117.0333,66.25,82,21,6.2
517,Sistranda,NO,2022-07-15 04:19:34,63.7256,8.834,51.76,71,99,22.17
518,Guadalupe Victoria,MX,2022-07-15 04:19:34,32.2869,-115.105,94.95,20,4,9.55
519,Turayf,SA,2022-07-15 04:19:35,31.6725,38.6637,73.65,53,0,6.91
520,Henties Bay,NA,2022-07-15 04:19:35,-22.116,14.2845,60.78,60,0,3.09
521,Shache,CN,2022-07-15 04:19:35,38.4167,77.2406,79.7,29,100,1.34
522,Pacific Grove,US,2022-07-15 04:16:22,36.6177,-121.9166,65.8,84,0,15.01
523,Gizo,SB,2022-07-15 04:19:36,-8.103,156.8419,84.02,65,100,12.03
524,Darhan,MN,2022-07-15 04:19:36,49.4867,105.9228,68.09,59,100,7.76
525,Okhotsk,RU,2022-07-15 04:19:37,59.3833,143.3,65.28,82,100,10.74
526,Arima,TT,2022-07-15 04:19:37,10.6333,-61.2833,80.13,86,20,3.0
527,Togur,RU,2022-07-15 04:19:37,58.3631,82.8265,67.46,48,22,0.72
528,Bathsheba,BB,2022-07-15 04:19:38,13.2167,-59.5167,83.01,90,75,23.02
529,Sogne,NO,2022-07-15 04:19:38,58.0833,7.8167,53.46,64,0,5.01
530,Baculin,PH,2022-07-15 04:19:39,7.4525,126.5842,85.53,71,18,5.55
531,Kuldur,RU,2022-07-15 04:19:39,49.2167,131.6333,78.21,66,90,7.45
532,Tiznit,MA,2022-07-15 04:19:40,29.5833,-9.5,77.61,43,2,2.26
533,Bull Savanna,JM,2022-07-15 04:19:40,17.8868,-77.5902,75.6,83,22,6.02
534,Sechura,PE,2022-07-15 04:19:40,-5.5569,-80.8222,61.54,85,3,13.73
535,Koslan,RU,2022-07-15 04:19:41,63.4564,48.8989,67.64,83,95,5.01
536,Coos Bay,US,2022-07-15 04:19:41,43.3665,-124.2179,58.98,94,0,4.61
537,Erenhot,CN,2022-07-15 04:19:41,43.6475,111.9767,84.72,19,100,5.68
538,Hanzhong,CN,2022-07-15 04:19:42,33.0728,107.0303,91.63,62,85,2.86
539,Palmas,BR,2022-07-15 04:19:42,-10.2128,-48.3603,76.87,69,0,5.75
540,Necochea,AR,2022-07-15 04:19:43,-38.5473,-58.7368,51.24,97,100,4.21
541,Ukiah,US,2022-07-15 04:19:43,39.1502,-123.2078,57.11,84,0,4.32
542,Ryki,PL,2022-07-15 04:19:43,51.6257,21.9327,60.62,41,69,8.01
543,Joao Camara,BR,2022-07-15 04:19:44,-5.5375,-35.8197,68.67,88,28,9.69
544,Havre-Saint-Pierre,CA,2022-07-15 04:16:18,50.2334,-63.5986,50.36,87,40,0.0
545,Jiwani,PK,2022-07-15 04:19:44,25.05,61.7417,83.37,86,100,14.67
546,Chara,RU,2022-07-15 04:19:45,56.9064,118.2631,72.39,58,97,6.31
547,Redlands,US,2022-07-15 04:15:19,34.0556,-117.1825,89.94,53,0,6.91
548,Dunedin,NZ,2022-07-15 04:18:46,-45.8742,170.5036,43.81,79,100,11.99
549,Gwadar,PK,2022-07-15 04:20:45,25.1216,62.3254,83.3,83,100,10.51
550,Holalkere,IN,2022-07-15 04:20:46,14.0333,76.1833,76.03,71,70,24.99
551,Yaan,NG,2022-07-15 04:20:46,7.3833,8.5667,70.86,97,93,6.67
552,Bonavista,CA,2022-07-15 04:20:46,48.6499,-53.1147,54.03,87,100,11.32
553,Dicabisagan,PH,2022-07-15 04:20:47,17.0818,122.4157,90.25,65,44,9.98
554,Rocha,UY,2022-07-15 04:20:47,-34.4833,-54.3333,57.76,99,100,6.33
555,Qaqortoq,GL,2022-07-15 04:20:48,60.7167,-46.0333,46.24,74,100,3.44
556,Vrangel,RU,2022-07-15 04:20:48,42.7297,133.0839,65.08,93,100,6.44
557,Vao,NC,2022-07-15 04:20:49,-22.6667,167.4833,69.98,68,2,19.73
558,Churapcha,RU,2022-07-15 04:20:49,62.0025,132.4325,78.33,62,10,1.07
559,Tausa,CO,2022-07-15 04:20:49,5.199,-73.8913,46.92,97,88,2.98
560,Anito,PH,2022-07-15 04:20:50,12.4497,125.2886,88.02,65,92,7.27
561,Pedasi,PA,2022-07-15 04:20:50,7.5333,-80.0333,76.06,85,100,6.49
562,Hobyo,SO,2022-07-15 04:20:51,5.3505,48.5268,78.46,76,99,22.41
563,Shenjiamen,CN,2022-07-15 04:20:51,29.9576,122.298,82.06,81,100,2.95
564,Hwange,ZW,2022-07-15 04:20:52,-18.3693,26.5019,54.21,44,5,2.66
565,Valparaiso,CL,2022-07-15 04:20:52,-33.0393,-71.6273,49.48,88,75,4.61
566,Mandurah,AU,2022-07-15 04:20:52,-32.55,115.7,67.91,69,50,17.43
567,Severo-Yeniseyskiy,RU,2022-07-15 04:20:53,60.3725,93.0408,46.31,94,100,2.82
568,Maniitsoq,GL,2022-07-15 04:20:53,65.4167,-52.9,44.71,71,0,7.83
569,Patacamaya,BO,2022-07-15 04:20:54,-17.2333,-67.9167,38.73,30,40,1.45
570,Miguel Hidalgo,MX,2022-07-15 04:20:54,19.4225,-99.2028,62.01,71,100,6.91
571,Formosa Do Rio Preto,BR,2022-07-15 04:20:54,-11.0483,-45.1931,66.4,59,2,2.89
572,Puerto Carreno,CO,2022-07-15 04:20:55,6.189,-67.4859,74.86,81,71,4.47
573,Skala,PL,2022-07-15 04:20:55,50.2305,19.8536,60.46,92,20,11.5
574,Fare,PF,2022-07-15 04:20:56,-16.7,-151.0167,77.05,62,74,24.07
575,Yankton,US,2022-07-15 04:20:56,42.8711,-97.3973,85.12,65,0,8.05
576,Mugan,CN,2022-07-15 04:20:57,35.9404,101.3842,61.68,93,100,3.4
577,Stoholm,DK,2022-07-15 04:16:11,56.4845,9.1462,53.91,83,3,17.54
578,Gulu,UG,2022-07-15 04:20:57,2.7746,32.299,62.44,81,88,0.63
579,Nanning,CN,2022-07-15 04:20:57,22.8167,108.3167,88.25,70,42,7.11
580,Homer,US,2022-07-15 04:20:58,59.6425,-151.5483,62.76,76,0,9.22
581,Urucara,BR,2022-07-15 04:20:58,-2.5364,-57.76,76.19,83,91,2.95
582,Sakaraha,MG,2022-07-15 04:20:59,-22.9,44.5333,52.93,73,0,1.41
583,Christchurch,NZ,2022-07-15 04:17:41,-43.5333,172.6333,46.9,66,40,8.05
584,Dom Pedro,BR,2022-07-15 04:19:00,-4.4833,-44.45,71.83,83,24,2.86
