,City,Country,Date,Lat,Lng,Max Temp,Humidity,Cloudiness,Wind Speed,Current_Description
0,Georgetown,MY,2022-07-15 19:40:52,5.4112,100.3354,82.89,93,20,0.0,few clouds
1,Vila,PT,2022-07-15 19:42:47,42.0304,-8.1588,63.48,62,35,2.01,scattered clouds
2,Puerto Ayora,EC,2022-07-15 19:45:22,-0.7393,-90.3518,76.96,92,65,8.01,broken clouds
3,Ushuaia,AR,2022-07-15 19:47:46,-54.8,-68.3,35.26,60,20,6.91,few clouds
4,Hermanus,ZA,2022-07-15 19:45:23,-34.4187,19.2345,55.8,85,100,9.33,overcast clouds
5,Punta Arenas,CL,2022-07-15 19:45:23,-53.15,-70.9167,33.82,93,20,10.36,few clouds
6,Belmonte,BR,2022-07-15 19:45:23,-15.8631,-38.8828,72.45,85,69,7.58,broken clouds
7,Rikitea,PF,2022-07-15 19:42:46,-23.1203,-134.9692,68.11,77,100,7.74,light rain
8,Sisimiut,GL,2022-07-15 19:52:13,66.9395,-53.6735,43.34,76,96,8.08,overcast clouds
9,Constantine,DZ,2022-07-15 19:52:13,36.365,6.6147,81.81,34,0,10.36,clear sky
10,Lompoc,US,2022-07-15 19:50:38,34.6391,-120.4579,93.02,66,0,14.97,clear sky
11,Bredasdorp,ZA,2022-07-15 19:52:14,-34.5322,20.0403,51.84,95,100,3.6,overcast clouds
12,Haines Junction,CA,2022-07-15 19:52:14,60.7522,-137.5108,57.15,77,100,2.3,overcast clouds
13,Iberia,US,2022-07-15 19:52:15,29.9502,-91.7507,87.98,88,75,4.61,light rain
14,Te Anau,NZ,2022-07-15 19:44:09,-45.4167,167.7167,32.38,91,61,1.1,broken clouds
15,Presidente Medici,BR,2022-07-15 19:45:27,-11.1753,-61.9014,92.57,33,100,6.11,overcast clouds
16,Sar-E Pul,AF,2022-07-15 19:45:27,35.8333,66.1667,68.5,27,0,4.85,clear sky
17,Luderitz,NA,2022-07-15 19:45:27,-26.6481,15.1594,71.19,30,0,4.72,clear sky
18,Vestmannaeyjar,IS,2022-07-15 19:45:28,63.4427,-20.2734,50.99,93,100,26.46,drizzle rain
19,Atuona,PF,2022-07-15 19:45:28,-9.8,-139.0333,76.66,74,1,12.62,clear sky
20,Vaini,TO,2022-07-15 19:44:14,-21.2,-175.2,75.36,94,20,5.75,few clouds
21,Mataura,NZ,2022-07-15 19:45:29,-46.1927,168.8643,35.47,97,94,3.71,overcast clouds
22,Hithadhoo,MV,2022-07-15 19:45:29,-0.6,73.0833,83.34,74,100,15.7,overcast clouds
23,Izumo,JP,2022-07-15 19:45:29,35.3667,132.7667,73.35,88,1,3.71,clear sky
24,Ternate,ID,2022-07-15 19:45:30,0.8,127.4,76.46,90,100,10.25,moderate rain
25,Ponta Do Sol,PT,2022-07-15 19:45:30,32.6667,-17.1,76.01,79,15,6.06,few clouds
26,Busselton,AU,2022-07-15 19:45:31,-33.65,115.3333,58.84,63,100,1.63,overcast clouds
27,Jamestown,US,2022-07-15 19:45:31,42.097,-79.2353,81.05,40,75,11.5,broken clouds
28,Provideniya,RU,2022-07-15 19:45:31,64.3833,-173.3,47.14,72,86,1.74,overcast clouds
29,Kyabe,TD,2022-07-15 19:45:32,9.4515,18.9449,75.2,89,100,3.71,overcast clouds
30,Simao,CN,2022-07-15 19:45:32,22.7886,100.9748,67.03,95,53,1.52,broken clouds
31,Albany,US,2022-07-15 19:43:53,42.6001,-73.9662,86.58,37,7,1.01,clear sky
32,Diapaga,BF,2022-07-15 19:45:33,12.0708,1.7889,79.86,77,89,12.97,light rain
33,Maneromango,TZ,2022-07-15 19:45:33,-7.1988,38.7848,68.61,83,84,5.93,broken clouds
34,Davila,PH,2022-07-15 19:45:34,18.4726,120.5763,81.79,81,98,11.21,overcast clouds
35,Dikson,RU,2022-07-15 19:42:50,73.5069,80.5464,47.53,72,100,7.27,overcast clouds
36,Flinders,AU,2022-07-15 19:45:34,-34.5833,150.8552,45.05,80,79,3.0,broken clouds
37,Iqaluit,CA,2022-07-15 19:45:35,63.7506,-68.5145,69.53,43,75,25.32,broken clouds
38,Naze,JP,2022-07-15 19:45:35,28.3667,129.4833,79.72,88,84,14.92,broken clouds
39,Atar,MR,2022-07-15 19:45:35,20.5169,-13.0499,100.8,20,10,10.33,clear sky
40,Kapaa,US,2022-07-15 19:44:10,22.0752,-159.319,80.92,76,40,13.8,scattered clouds
41,Bluff,NZ,2022-07-15 19:44:07,-46.6,168.3333,35.8,65,87,14.99,overcast clouds
42,Sao Filipe,CV,2022-07-15 19:45:36,14.8961,-24.4956,75.06,78,100,5.66,overcast clouds
43,Narsaq,GL,2022-07-15 19:45:36,60.9167,-46.05,62.82,62,38,7.0,scattered clouds
44,Winnemucca,US,2022-07-15 19:45:37,40.973,-117.7357,93.25,10,0,12.66,clear sky
45,Tura,IN,2022-07-15 19:45:37,25.5198,90.2201,75.67,94,7,4.21,moderate rain
46,Coahuayana,MX,2022-07-15 19:53:20,18.7333,-103.6833,87.1,65,93,5.17,overcast clouds
47,New Norfolk,AU,2022-07-15 19:53:21,-42.7826,147.0587,44.92,83,100,1.01,light rain
48,Wanning,CN,2022-07-15 19:53:21,18.8003,110.3967,81.43,89,54,10.02,broken clouds
49,Barrow,US,2022-07-15 19:53:22,71.2906,-156.7887,37.42,81,100,10.36,overcast clouds
50,Koumac,NC,2022-07-15 19:53:22,-20.5667,164.2833,67.62,64,0,16.73,clear sky
51,Selma,US,2022-07-15 19:53:23,36.5708,-119.6121,102.63,38,0,6.91,clear sky
52,Trinidad,BO,2022-07-15 19:53:23,-14.8333,-64.9,82.38,78,75,4.61,broken clouds
53,Yellowknife,CA,2022-07-15 19:46:40,62.456,-114.3525,57.72,72,100,3.44,overcast clouds
54,Mar Del Plata,AR,2022-07-15 19:46:40,-38.0023,-57.5575,52.09,95,100,7.0,light rain
55,Arraial Do Cabo,BR,2022-07-15 19:46:41,-22.9661,-42.0278,76.96,69,0,23.02,clear sky
56,Avarua,CK,2022-07-15 19:44:13,-21.2078,-159.775,75.25,60,75,11.5,broken clouds
57,Qaanaaq,GL,2022-07-15 19:46:41,77.484,-69.3632,49.44,65,90,8.77,overcast clouds
58,Khatanga,RU,2022-07-15 19:46:42,71.9667,102.5,52.0,66,18,5.91,few clouds
59,Beidao,CN,2022-07-15 19:46:42,34.5686,105.8933,69.89,84,100,2.77,overcast clouds
60,Tiksi,RU,2022-07-15 19:46:42,71.6872,128.8694,39.54,90,99,7.58,overcast clouds
61,Buraydah,SA,2022-07-15 19:46:43,26.326,43.975,97.25,11,87,11.7,overcast clouds
62,San Patricio,US,2022-07-15 19:46:43,28.017,-97.5169,91.26,57,100,11.65,overcast clouds
63,Bengkulu,ID,2022-07-15 19:46:44,-3.8004,102.2655,75.6,89,100,3.78,overcast clouds
64,Hobart,AU,2022-07-15 19:45:30,-42.8794,147.3294,45.27,87,40,9.22,moderate rain
65,Cape Town,ZA,2022-07-15 19:46:07,-33.9258,18.4232,62.38,82,0,4.0,clear sky
66,Caravelas,BR,2022-07-15 19:46:44,-17.7125,-39.2481,73.2,73,5,6.08,clear sky
67,San Cristobal,VE,2022-07-15 19:46:45,7.7669,-72.225,75.38,60,35,5.53,scattered clouds
68,Bayshore Gardens,US,2022-07-15 19:46:45,27.4253,-82.5904,96.19,51,0,8.05,clear sky
69,Isangel,VU,2022-07-15 19:46:46,-19.55,169.2667,71.51,73,100,18.43,overcast clouds
70,Pilar,BR,2022-07-15 19:46:46,-9.5972,-35.9567,80.53,90,9,6.2,clear sky
71,Mahebourg,MU,2022-07-15 19:44:12,-20.4081,57.7,68.29,94,75,19.57,broken clouds
72,Souillac,MU,2022-07-15 19:46:47,-20.5167,57.5167,68.38,94,75,19.57,light rain
73,Shadrinsk,RU,2022-07-15 19:46:47,56.0852,63.6335,66.69,90,100,3.22,light rain
74,Kayan,MM,2022-07-15 19:46:47,16.9056,96.5631,78.94,90,100,2.98,overcast clouds
75,Saldanha,ZA,2022-07-15 19:42:55,-33.0117,17.9442,55.45,79,100,8.43,overcast clouds
76,Kaeo,NZ,2022-07-15 19:46:48,-35.1,173.7833,52.5,78,99,6.69,overcast clouds
77,Quatre Cocos,MU,2022-07-15 19:46:48,-20.2078,57.7625,68.11,80,94,16.89,light rain
78,Aykino,RU,2022-07-15 19:46:49,62.2248,49.9922,64.31,98,100,4.07,overcast clouds
79,Rio Grande,BR,2022-07-15 19:46:49,-32.035,-52.0986,66.31,98,71,10.49,broken clouds
80,Norman Wells,CA,2022-07-15 19:46:49,65.282,-126.8329,55.44,67,75,6.91,broken clouds
81,Hasaki,JP,2022-07-15 19:46:50,35.7333,140.8333,73.8,97,96,6.02,overcast clouds
82,Muncar,ID,2022-07-15 19:46:50,-8.4333,114.3333,75.63,91,62,4.36,broken clouds
83,Nishihara,JP,2022-07-15 19:46:51,26.1842,127.7558,82.45,97,100,17.9,mist
84,Mareeba,AU,2022-07-15 19:46:51,-17.0,145.4333,59.72,95,88,2.86,light rain
85,Thompson,CA,2022-07-15 19:46:51,55.7435,-97.8558,82.56,32,20,19.57,smoke
86,Kahului,US,2022-07-15 19:45:21,20.8947,-156.47,85.96,63,40,19.57,scattered clouds
87,East London,ZA,2022-07-15 19:46:52,-33.0153,27.9116,60.33,73,3,11.74,clear sky
88,Cayenne,GF,2022-07-15 19:46:52,4.9333,-52.3333,77.09,1,75,4.61,moderate rain
89,Guerrero Negro,MX,2022-07-15 19:46:53,27.9769,-114.0611,77.31,57,11,15.68,few clouds
90,Coihaique,CL,2022-07-15 19:54:29,-45.5752,-72.0662,33.75,69,75,3.44,broken clouds
91,Kedrovyy,RU,2022-07-15 19:54:29,56.1667,91.8167,43.21,91,50,2.66,scattered clouds
92,Kodiak,US,2022-07-15 19:54:29,57.79,-152.4072,58.44,84,100,3.56,overcast clouds
93,Cabo San Lucas,MX,2022-07-15 19:51:18,22.8909,-109.9124,89.62,61,3,8.88,clear sky
94,Nazret,ET,2022-07-15 19:54:30,8.55,39.2667,62.92,80,94,7.25,overcast clouds
95,Kushnarenkovo,RU,2022-07-15 19:54:30,55.105,55.3508,61.0,93,63,10.2,broken clouds
96,Maneadero,MX,2022-07-15 19:54:31,31.7167,-116.5667,73.09,76,21,4.0,few clouds
97,Buala,SB,2022-07-15 19:47:55,-8.145,159.5921,78.31,83,76,4.85,broken clouds
98,Kamareddi,IN,2022-07-15 19:47:55,18.3167,78.35,73.8,88,100,14.05,overcast clouds
99,Sagua La Grande,CU,2022-07-15 19:47:56,22.8067,-80.0756,88.79,57,45,9.6,scattered clouds
100,Hilo,US,2022-07-15 19:46:10,19.7297,-155.09,84.25,71,100,4.61,overcast clouds
101,Orlovskiy,RU,2022-07-15 19:47:56,46.8714,42.0592,71.26,43,0,4.25,clear sky
102,Necochea,AR,2022-07-15 19:45:22,-38.5473,-58.7368,50.34,91,98,11.25,overcast clouds
103,Rabaul,PG,2022-07-15 19:47:57,-4.1967,152.1721,78.15,81,100,11.12,overcast clouds
104,Tasiilaq,GL,2022-07-15 19:54:32,65.6145,-37.6368,41.65,76,100,16.53,light rain
105,Butaritari,KI,2022-07-15 19:47:57,3.0707,172.7902,81.68,81,100,18.5,moderate rain
106,Henties Bay,NA,2022-07-15 19:47:58,-22.116,14.2845,69.24,40,0,7.43,clear sky
107,Havre-Saint-Pierre,CA,2022-07-15 19:47:58,50.2334,-63.5986,64.76,72,0,16.11,clear sky
108,Victoria,HK,2022-07-15 19:45:55,22.2855,114.1577,87.19,86,100,11.01,overcast clouds
109,Falun,SE,2022-07-15 19:47:59,60.6036,15.626,53.22,68,100,8.08,overcast clouds
110,Port Hawkesbury,CA,2022-07-15 19:47:59,45.6169,-61.3485,72.88,74,20,11.99,few clouds
111,San Quintin,MX,2022-07-15 19:48:00,30.4833,-115.95,73.74,66,3,13.6,clear sky
112,Arman,RU,2022-07-15 19:48:00,59.7,150.1667,62.02,87,82,2.93,broken clouds
113,Saint-Paul,RE,2022-07-15 19:48:01,-21.0096,55.2707,68.36,76,52,2.77,broken clouds
114,Ketchikan,US,2022-07-15 19:48:01,55.3422,-131.6461,55.87,94,100,4.61,light rain
115,Labuhan,ID,2022-07-15 19:45:17,-6.8844,112.2051,77.18,87,53,6.82,broken clouds
116,Dunedin,NZ,2022-07-15 19:47:36,-45.8742,170.5036,42.8,63,8,11.99,clear sky
117,Zaozerne,UA,2022-07-15 19:48:02,45.1582,33.2787,72.34,59,0,7.34,clear sky
118,Matara,LK,2022-07-15 19:48:02,5.9485,80.5353,76.21,92,66,8.52,broken clouds
119,Sinnamary,GF,2022-07-15 19:48:03,5.3833,-52.95,79.92,82,87,6.06,overcast clouds
120,Tortoli,IT,2022-07-15 19:48:03,39.9256,9.6572,78.62,78,0,8.05,clear sky
121,Antofagasta,CL,2022-07-15 19:48:04,-23.65,-70.4,60.08,68,0,6.71,clear sky
122,Upata,VE,2022-07-15 19:48:04,8.0086,-62.3989,78.91,89,96,1.16,overcast clouds
123,Moron,AR,2022-07-15 19:48:05,-34.6534,-58.6198,53.35,73,89,6.73,overcast clouds
124,Araxa,BR,2022-07-15 19:48:05,-19.5933,-46.9406,80.56,34,0,2.3,clear sky
125,Leningradskiy,RU,2022-07-15 19:48:06,69.3833,178.4167,40.12,70,100,5.28,overcast clouds
126,Saskylakh,RU,2022-07-15 19:48:06,71.9167,114.0833,49.17,65,34,1.9,scattered clouds
127,Biloela,AU,2022-07-15 19:48:06,-24.4167,150.5,49.35,88,0,7.36,clear sky
128,Dingle,PH,2022-07-15 19:48:07,10.9995,122.6711,76.42,91,96,0.76,overcast clouds
129,Lorengau,PG,2022-07-15 19:46:53,-2.0226,147.2712,79.7,80,100,9.53,overcast clouds
130,Casambalangan,PH,2022-07-15 19:48:07,18.3765,122.1274,81.0,86,98,6.02,overcast clouds
131,Elko,US,2022-07-15 19:48:08,41.0002,-115.5012,91.06,16,15,7.0,few clouds
132,Airai,TL,2022-07-15 19:46:55,-8.9266,125.4092,53.55,89,95,3.58,overcast clouds
133,Bavly,RU,2022-07-15 19:48:09,54.393,53.2602,61.0,93,61,12.12,broken clouds
134,Byron Bay,AU,2022-07-15 19:48:09,-28.65,153.6167,49.95,83,0,5.75,clear sky
135,La Ronge,CA,2022-07-15 19:55:36,55.1001,-105.2842,82.62,34,20,9.22,few clouds
136,Katsuura,JP,2022-07-15 19:55:36,35.1333,140.3,74.7,95,100,8.86,overcast clouds
137,Pevek,RU,2022-07-15 19:55:37,69.7008,170.3133,37.15,70,100,0.89,overcast clouds
138,Pacific Grove,US,2022-07-15 19:51:00,36.6177,-121.9166,77.38,80,40,10.36,scattered clouds
139,Kalamare,BW,2022-07-15 19:55:37,-22.9337,26.5703,59.18,48,72,11.54,broken clouds
140,Castro,BR,2022-07-15 19:53:04,-24.7911,-50.0119,67.32,61,98,7.16,overcast clouds
141,Dawson Creek,CA,2022-07-15 19:55:38,55.7666,-120.2362,67.64,60,0,8.05,clear sky
142,Esperance,AU,2022-07-15 19:55:38,-33.8667,121.9,59.07,76,100,14.0,overcast clouds
143,Tecoanapa,MX,2022-07-15 19:55:38,16.5167,-98.75,87.39,61,100,12.06,overcast clouds
144,Severo-Kurilsk,RU,2022-07-15 19:51:52,50.6789,156.125,54.03,95,68,10.42,broken clouds
145,Boyolangu,ID,2022-07-15 19:55:39,-8.1181,111.8935,73.38,94,52,1.61,broken clouds
146,Broome,US,2022-07-15 19:55:39,42.2506,-75.833,84.02,35,2,5.99,clear sky
147,Nemuro,JP,2022-07-15 19:55:40,43.3236,145.575,60.78,86,100,11.39,overcast clouds
148,Keetmanshoop,NA,2022-07-15 19:55:40,-26.5833,18.1333,61.59,23,0,7.63,clear sky
149,Huesca,ES,2022-07-15 19:55:41,42.1362,-0.4087,92.08,28,0,2.3,clear sky
150,Kichera,RU,2022-07-15 19:55:41,55.9375,110.0997,57.18,97,100,1.54,overcast clouds
151,Madera,US,2022-07-15 19:55:41,37.1666,-119.8343,105.51,21,0,4.0,clear sky
152,Chokurdakh,RU,2022-07-15 19:55:42,70.6333,147.9167,52.25,72,37,16.87,scattered clouds
153,Axim,GH,2022-07-15 19:55:42,4.8699,-2.2405,75.67,87,100,12.08,overcast clouds
154,Kon Tum,VN,2022-07-15 19:55:43,14.35,108.0,71.55,98,72,2.59,broken clouds
155,Keti Bandar,PK,2022-07-15 19:55:43,24.1447,67.4497,82.54,85,98,17.81,moderate rain
156,Constitucion,CL,2022-07-15 19:53:14,-35.3333,-72.4167,45.5,85,100,8.93,light rain
157,Codrington,AU,2022-07-15 19:55:19,-38.2667,141.9667,50.2,59,100,16.37,light rain
158,Qaqortoq,GL,2022-07-15 19:55:43,60.7167,-46.0333,46.42,78,25,7.74,scattered clouds
159,Saint-Pierre,RE,2022-07-15 19:55:44,-21.3393,55.4781,66.9,73,40,3.44,scattered clouds
160,Carnarvon,AU,2022-07-15 19:55:44,-24.8667,113.6333,64.6,67,0,13.0,clear sky
161,Odienne,CI,2022-07-15 19:55:45,9.51,-7.5692,73.81,89,9,4.14,clear sky
162,Tupik,RU,2022-07-15 19:55:45,54.4253,119.9327,59.74,97,100,0.63,light rain
163,Saraland,US,2022-07-15 19:55:45,30.8207,-88.0706,87.82,74,78,4.43,broken clouds
164,Sangmelima,CM,2022-07-15 19:55:46,2.9333,11.9833,67.24,97,22,2.73,few clouds
165,La Romana,DO,2022-07-15 19:55:46,18.4273,-68.9728,91.76,62,75,9.22,broken clouds
166,Port Lincoln,AU,2022-07-15 19:51:50,-34.7333,135.8667,54.64,44,100,23.91,overcast clouds
167,Hobyo,SO,2022-07-15 19:55:47,5.3505,48.5268,77.79,79,60,23.4,broken clouds
168,Anori,BR,2022-07-15 19:55:47,-3.7728,-61.6442,86.58,61,100,1.95,overcast clouds
169,Klyuchi,RU,2022-07-15 19:55:48,52.2667,79.1667,59.49,86,54,4.85,broken clouds
170,Sena Madureira,BR,2022-07-15 19:55:48,-9.0656,-68.6569,87.48,52,93,3.71,overcast clouds
171,Longyearbyen,SJ,2022-07-15 19:53:06,78.2186,15.6401,57.04,62,75,14.97,broken clouds
172,Ipora,BR,2022-07-15 19:55:48,-16.4419,-51.1178,87.71,22,85,3.38,overcast clouds
173,Ostrovnoy,RU,2022-07-15 19:51:49,68.0531,39.5131,60.04,78,100,6.78,overcast clouds
174,Port Alfred,ZA,2022-07-15 19:55:49,-33.5906,26.891,57.18,91,12,3.0,few clouds
175,Itarema,BR,2022-07-15 19:55:49,-2.9248,-39.9167,80.29,72,65,14.94,broken clouds
176,Hauterive,FR,2022-07-15 19:55:50,46.0901,3.4459,77.76,55,52,4.88,broken clouds
177,Tatawin,TN,2022-07-15 19:55:50,32.9297,10.4518,78.19,47,0,9.15,clear sky
178,Tanda,IN,2022-07-15 19:55:51,26.55,82.65,93.11,47,57,10.42,broken clouds
179,Nikolskoye,RU,2022-07-15 19:54:20,59.7035,30.7861,58.91,92,69,5.08,broken clouds
180,Yulara,AU,2022-07-15 19:53:31,-25.2406,130.9889,45.64,28,0,4.32,clear sky
181,San Andres,CO,2022-07-15 19:56:51,12.5847,-81.7006,86.02,70,20,13.8,few clouds
182,Muros,ES,2022-07-15 19:56:52,42.7762,-9.0603,67.08,90,92,2.35,overcast clouds
183,Kavaratti,IN,2022-07-15 19:56:52,10.5669,72.642,81.1,84,60,17.52,broken clouds
184,Ancud,CL,2022-07-15 19:56:53,-41.8697,-73.8203,45.23,65,0,8.23,clear sky
185,Vestmanna,FO,2022-07-15 19:56:53,62.1564,-7.1664,47.32,87,20,10.36,few clouds
186,Pasighat,IN,2022-07-15 19:56:53,28.0667,95.3333,80.65,80,3,3.36,clear sky
187,Dudinka,RU,2022-07-15 19:56:54,69.4058,86.1778,54.63,75,29,10.4,scattered clouds
188,Upernavik,GL,2022-07-15 19:52:53,72.7868,-56.1549,48.58,61,0,6.98,clear sky
189,Saint-Philippe,RE,2022-07-15 19:56:54,-21.3585,55.7679,66.22,82,59,12.53,light rain
190,Oksfjord,NO,2022-07-15 19:56:55,70.2396,22.3479,59.07,76,100,4.61,overcast clouds
191,Port Hardy,CA,2022-07-15 19:56:55,50.6996,-127.4199,60.98,88,75,8.05,shower rain
192,Kidal,ML,2022-07-15 19:56:56,18.4411,1.4078,96.93,20,11,4.0,few clouds
193,Nanortalik,GL,2022-07-15 19:56:56,60.1432,-45.2371,43.38,87,33,8.93,scattered clouds
194,Ilulissat,GL,2022-07-15 19:56:56,69.2167,-51.1,49.03,53,20,4.23,few clouds
195,Paamiut,GL,2022-07-15 19:56:57,61.994,-49.6678,40.01,85,99,4.94,overcast clouds
196,Tuatapere,NZ,2022-07-15 19:56:57,-46.1333,167.6833,34.47,91,34,5.66,scattered clouds
197,Deputatskiy,RU,2022-07-15 19:56:57,69.3,139.9,55.54,80,48,5.41,scattered clouds
198,Port Macquarie,AU,2022-07-15 19:56:58,-31.4333,152.9167,39.88,79,85,4.85,overcast clouds
199,Sao Gabriel Da Cachoeira,BR,2022-07-15 19:56:58,-0.1303,-67.0892,87.6,66,40,4.61,scattered clouds
200,Dhidhdhoo,MV,2022-07-15 19:56:59,6.8833,73.1,81.79,80,65,11.18,broken clouds
201,Coquimbo,CL,2022-07-15 19:56:59,-29.9533,-71.3436,53.33,62,75,11.5,broken clouds
202,Flin Flon,CA,2022-07-15 19:56:59,54.7682,-101.865,85.84,28,40,13.8,scattered clouds
203,Luanda,AO,2022-07-15 19:56:01,-8.8368,13.2343,71.6,83,20,6.91,few clouds
204,Placido De Castro,BR,2022-07-15 19:57:00,-10.3353,-67.1856,87.13,53,100,3.13,overcast clouds
205,Umm Lajj,SA,2022-07-15 19:57:00,25.0213,37.2685,85.23,63,0,7.65,clear sky
206,Kununurra,AU,2022-07-15 19:57:01,-15.7667,128.7333,48.18,66,31,1.14,scattered clouds
207,Clyde River,CA,2022-07-15 19:57:01,70.4692,-68.5914,59.23,33,0,21.85,clear sky
208,Husavik,IS,2022-07-15 19:57:01,66.0449,-17.3389,56.19,62,19,9.33,few clouds
209,Petropavlovsk-Kamchatskiy,RU,2022-07-15 19:57:02,53.0452,158.6483,59.59,94,0,6.71,clear sky
210,Sukhumi,GE,2022-07-15 19:57:02,43.0033,41.0153,69.48,80,10,4.05,clear sky
211,Jinchang,CN,2022-07-15 19:57:03,38.4953,102.1739,66.49,63,100,5.99,overcast clouds
212,Mweka,CD,2022-07-15 19:57:03,-4.85,21.5667,76.77,47,11,0.45,few clouds
213,Cidreira,BR,2022-07-15 19:57:04,-30.1811,-50.2056,62.04,98,100,8.19,overcast clouds
214,Port Elizabeth,ZA,2022-07-15 19:57:04,-33.918,25.5701,59.29,88,0,8.05,clear sky
215,Kaka,TM,2022-07-15 19:57:05,37.3482,59.6143,86.54,11,0,7.4,clear sky
216,Vila Velha,BR,2022-07-15 19:57:05,-20.3297,-40.2925,78.75,79,20,12.66,few clouds
217,Matca,RO,2022-07-15 19:57:05,45.85,27.5333,75.04,51,48,15.97,scattered clouds
218,Lebanon,US,2022-07-15 19:57:06,36.2081,-86.2911,93.79,51,40,5.75,scattered clouds
219,Marienburg,PL,2022-07-15 19:57:06,54.0359,19.0266,59.11,73,11,8.21,few clouds
220,Zalantun,CN,2022-07-15 19:57:07,48.0,122.7167,63.75,96,100,5.7,overcast clouds
221,Paita,PE,2022-07-15 19:57:07,-5.0892,-81.1144,69.1,68,0,19.39,clear sky
222,Omboue,GA,2022-07-15 19:57:07,-1.5746,9.2618,71.17,85,3,6.22,clear sky
223,Ribeira Grande,PT,2022-07-15 19:58:08,38.5167,-28.7,75.6,73,20,12.66,few clouds
224,Lagoa,PT,2022-07-15 19:58:08,39.05,-27.9833,69.46,89,12,15.26,few clouds
225,Beian,NO,2022-07-15 19:58:09,63.6559,9.5683,52.02,81,75,16.11,broken clouds
226,Tiznit,MA,2022-07-15 19:58:09,29.5833,-9.5,80.13,49,34,3.02,scattered clouds
227,Turukhansk,RU,2022-07-15 19:58:10,65.8167,87.9833,54.41,77,100,7.07,overcast clouds
228,Usak,TR,2022-07-15 19:58:10,38.5,29.4167,70.5,39,0,10.45,clear sky
229,Poum,NC,2022-07-15 19:58:10,-20.2333,164.0167,71.64,58,0,24.43,clear sky
230,Saint-Augustin,CA,2022-07-15 19:58:11,51.226,-58.6502,66.33,49,58,18.03,broken clouds
231,Shemonaikha,KZ,2022-07-15 19:58:11,50.6328,81.9056,59.94,71,10,3.71,clear sky
232,Talnakh,RU,2022-07-15 19:56:59,69.4865,88.3972,54.21,70,9,0.69,clear sky
233,Onega,RU,2022-07-15 19:58:12,63.9061,38.1404,54.61,97,59,4.52,broken clouds
234,Copiapo,CL,2022-07-15 19:58:12,-27.3667,-70.3333,47.89,87,99,7.34,overcast clouds
235,Namatanai,PG,2022-07-15 19:58:13,-3.6667,152.4333,77.86,83,100,6.82,overcast clouds
236,Roros,NO,2022-07-15 19:58:13,62.5747,11.3842,42.64,93,75,8.05,light intensity drizzle
237,Kabala,SL,2022-07-15 19:58:14,9.5833,-11.55,70.52,98,20,4.25,light rain
238,Beringovskiy,RU,2022-07-15 19:58:14,63.05,179.3167,47.26,76,12,7.99,few clouds
239,Vila Do Maio,CV,2022-07-15 19:58:15,15.1333,-23.2167,77.79,76,99,5.66,overcast clouds
240,Turkan,AZ,2022-07-15 19:58:15,40.3639,50.215,75.38,83,0,6.91,clear sky
241,Rio Gallegos,AR,2022-07-15 19:58:15,-51.6226,-69.2181,32.05,86,0,23.02,clear sky
242,Martapura,ID,2022-07-15 19:58:16,-3.4167,114.85,77.09,94,100,1.14,overcast clouds
243,Tanout,NE,2022-07-15 19:58:16,14.9709,8.8879,81.46,61,100,6.8,moderate rain
244,Plouzane,FR,2022-07-15 19:58:17,48.3833,-4.6167,68.05,57,0,10.36,clear sky
245,Nara,JP,2022-07-15 19:56:47,34.6851,135.8049,76.5,77,100,1.36,moderate rain
246,Tuktoyaktuk,CA,2022-07-15 19:56:57,69.4541,-133.0374,39.2,81,75,8.05,broken clouds
247,Abilene,US,2022-07-15 19:54:16,32.4487,-99.7331,97.29,24,20,9.22,few clouds
248,College,US,2022-07-15 19:57:17,64.8569,-147.8028,68.07,46,0,8.05,clear sky
249,Opuwo,NA,2022-07-15 19:58:18,-18.0607,13.84,61.39,29,0,7.56,clear sky
250,Faya,SA,2022-07-15 19:58:18,18.3851,42.4509,70.32,42,99,4.79,light rain
251,Medvezhyegorsk,RU,2022-07-15 19:58:18,62.9167,34.4667,55.42,90,98,3.33,overcast clouds
252,Kharp,RU,2022-07-15 19:58:19,66.8014,65.8081,59.67,74,41,5.7,scattered clouds
253,Sayyan,YE,2022-07-15 19:58:19,15.1718,44.3244,65.19,62,91,4.32,overcast clouds
254,Turayf,SA,2022-07-15 19:58:19,31.6725,38.6637,86.25,39,0,13.8,clear sky
255,Kayes,ML,2022-07-15 19:58:20,14.0,-11.0,85.93,58,9,2.53,clear sky
256,Nipawin,CA,2022-07-15 19:58:20,53.3668,-104.0009,75.24,64,0,3.44,clear sky
257,Shenjiamen,CN,2022-07-15 19:58:21,29.9576,122.298,78.1,91,100,0.67,overcast clouds
258,Kurchum,KZ,2022-07-15 19:58:21,48.5722,83.6542,64.38,49,1,4.0,clear sky
259,Faanui,PF,2022-07-15 19:58:22,-16.4833,-151.75,77.65,60,64,21.59,broken clouds
260,Portland,US,2022-07-15 19:57:45,45.5234,-122.6762,79.29,50,0,4.0,clear sky
261,Kaduqli,SD,2022-07-15 19:58:22,11.0167,29.7167,72.73,84,22,0.72,few clouds
262,Lauria,IT,2022-07-15 19:58:23,40.0465,15.8358,67.6,75,0,1.39,clear sky
263,Hofn,IS,2022-07-15 19:58:23,64.2539,-15.2082,51.51,84,70,10.38,broken clouds
264,Maxixe,MZ,2022-07-15 19:58:23,-23.8597,35.3472,67.84,77,20,5.99,few clouds
265,Iskateley,RU,2022-07-15 19:58:24,67.6803,53.1512,69.84,80,83,9.15,broken clouds
266,Dubbo,AU,2022-07-15 19:54:21,-32.25,148.6167,28.53,93,100,6.91,overcast clouds
267,Lebu,CL,2022-07-15 19:54:21,-37.6167,-73.65,47.88,72,47,14.74,scattered clouds
268,Bambous Virieux,MU,2022-07-15 19:58:24,-20.3428,57.7575,68.25,94,75,19.57,light rain
269,Lexington,US,2022-07-15 19:58:33,37.9887,-84.4777,89.15,34,96,1.83,overcast clouds
270,Marzuq,YE,2022-07-15 20:03:20,14.4,46.4667,79.29,55,100,8.16,overcast clouds
271,Churapcha,RU,2022-07-15 20:03:20,62.0025,132.4325,67.41,89,85,1.19,overcast clouds
272,Sangar,RU,2022-07-15 20:03:21,63.9242,127.4739,64.47,91,99,2.39,overcast clouds
273,Kadaya,RU,2022-07-15 20:03:21,50.9327,119.2911,60.85,94,100,1.88,overcast clouds
274,Aquiraz,BR,2022-07-15 20:03:22,-3.9014,-38.3911,81.18,75,27,7.85,scattered clouds
275,Shingu,JP,2022-07-15 19:58:55,33.7333,135.9833,73.06,95,100,3.51,moderate rain
276,Narsimhapur,IN,2022-07-15 20:03:22,22.95,79.2,77.74,87,100,2.57,overcast clouds
277,Waddan,LY,2022-07-15 20:03:23,29.1614,16.139,82.04,32,0,16.98,clear sky
278,Kruisfontein,ZA,2022-07-15 20:03:23,-34.0033,24.7314,50.88,84,87,3.8,overcast clouds
279,Laguna,US,2022-07-15 19:59:35,38.421,-121.4238,97.02,39,0,3.0,clear sky
280,Paducah,US,2022-07-15 20:03:24,37.0834,-88.6001,94.44,47,0,5.75,clear sky
281,Adelaide,AU,2022-07-15 20:00:09,-34.9333,138.6,52.32,55,0,16.11,clear sky
282,Abu Dhabi,AE,2022-07-15 19:59:01,24.4667,54.3667,102.31,39,100,8.05,overcast clouds
283,Srednekolymsk,RU,2022-07-15 20:00:43,67.45,153.6833,67.21,44,49,5.26,scattered clouds
284,Ontario,US,2022-07-15 20:03:26,34.0633,-117.6509,106.88,41,20,13.8,few clouds
285,Kavieng,PG,2022-07-15 20:03:27,-2.5744,150.7967,81.23,77,100,9.91,overcast clouds
286,Bathsheba,BB,2022-07-15 20:03:27,13.2167,-59.5167,85.05,86,75,18.41,broken clouds
287,Saint-Georges,GD,2022-07-15 20:03:28,12.0564,-61.7485,80.2,85,100,18.23,overcast clouds
288,San Sebastian,ES,2022-07-15 20:03:28,43.3128,-1.975,79.45,77,0,1.99,clear sky
289,Guozhen,CN,2022-07-15 20:03:29,34.3659,107.359,74.12,89,100,4.03,moderate rain
290,Cascais,PT,2022-07-15 20:03:29,38.6979,-9.4215,78.15,59,0,11.5,clear sky
291,Sao Jose Da Coroa Grande,BR,2022-07-15 20:03:29,-8.8978,-35.1478,76.26,82,0,11.79,clear sky
292,Vung Tau,VN,2022-07-15 20:00:25,10.346,107.0843,79.32,86,100,9.13,light rain
293,Fomboni,KM,2022-07-15 20:03:30,-12.28,43.7425,76.32,74,6,14.85,clear sky
294,Gilbues,BR,2022-07-15 20:03:30,-9.8317,-45.3439,88.93,23,0,8.16,clear sky
295,Pekalongan,ID,2022-07-15 20:03:31,-6.8886,109.6753,76.01,86,14,5.21,light rain
296,Shu,KZ,2022-07-15 20:03:31,43.5983,73.7614,76.1,25,0,7.9,clear sky
297,Anchorage,US,2022-07-15 20:00:35,61.2181,-149.9003,63.64,78,75,5.99,light rain
298,Surt,LY,2022-07-15 20:03:32,31.2089,16.5887,78.13,57,0,8.68,clear sky
299,Charters Towers,AU,2022-07-15 20:03:32,-20.1,146.2667,53.64,87,58,9.4,broken clouds
300,Concarneau,FR,2022-07-15 20:03:32,47.875,-3.9225,73.69,47,97,12.17,overcast clouds
301,Los Alamos,US,2022-07-15 20:03:33,35.8881,-106.307,88.43,32,0,4.0,clear sky
302,Assiniboia,CA,2022-07-15 20:03:33,49.6334,-105.9845,93.6,24,0,11.92,clear sky
303,Pangkalanbuun,ID,2022-07-15 20:03:33,-2.6833,111.6167,73.18,99,75,2.55,broken clouds
304,Fortuna,US,2022-07-15 20:01:14,40.5982,-124.1573,70.93,69,0,4.0,clear sky
305,Micheweni,TZ,2022-07-15 20:03:34,-4.9667,39.8333,74.16,87,77,12.59,light rain
306,Roanoke Rapids,US,2022-07-15 20:03:34,36.4615,-77.6542,86.88,83,0,4.61,clear sky
307,Puri,IN,2022-07-15 20:03:35,19.8,85.85,81.12,83,95,11.99,overcast clouds
308,Christchurch,NZ,2022-07-15 19:59:55,-43.5333,172.6333,32.92,80,30,3.44,scattered clouds
309,Cordoba,AR,2022-07-15 20:01:42,-31.4135,-64.1811,55.24,52,96,7.0,overcast clouds
310,Ishinomaki,JP,2022-07-15 20:03:35,38.4167,141.3,71.8,98,100,14.63,moderate rain
311,Jalu,LY,2022-07-15 20:03:36,29.0331,21.5482,81.84,37,0,15.7,clear sky
312,Bubaque,GW,2022-07-15 20:03:36,11.2833,-15.8333,80.62,79,100,13.42,overcast clouds
313,Kutum,SD,2022-07-15 20:03:37,14.2,24.6667,69.89,83,90,13.44,moderate rain
314,Staryy Nadym,RU,2022-07-15 20:03:37,65.6118,72.6842,58.35,56,0,8.21,clear sky
315,Liverpool,GB,2022-07-15 20:01:53,53.4106,-2.9779,64.15,79,40,9.22,scattered clouds
316,Aracataca,CO,2022-07-15 20:04:38,10.5918,-74.1898,93.09,62,52,1.01,broken clouds
317,Pochutla,MX,2022-07-15 20:04:38,15.7432,-96.4661,86.83,70,97,11.12,overcast clouds
318,Yumen,CN,2022-07-15 20:04:38,40.2833,97.2,68.11,45,100,5.06,overcast clouds
319,San Policarpo,PH,2022-07-15 20:04:39,12.1791,125.5072,78.58,86,23,4.27,light rain
320,Nyamuswa,TZ,2022-07-15 20:04:39,-1.9,34.0167,71.28,53,100,2.1,overcast clouds
321,Amahai,ID,2022-07-15 20:04:40,-3.3333,128.9167,76.59,92,99,6.55,light rain
322,Port-Cartier,CA,2022-07-15 20:04:12,50.0334,-66.8654,74.59,36,81,6.98,broken clouds
323,Okhotsk,RU,2022-07-15 20:04:40,59.3833,143.3,59.27,90,100,1.66,overcast clouds
324,Port Blair,IN,2022-07-15 20:04:41,11.6667,92.75,79.48,86,100,6.62,heavy intensity rain
325,Sycow,PL,2022-07-15 20:04:41,51.3081,17.7198,57.63,51,100,6.78,overcast clouds
326,Cranbrook,CA,2022-07-15 20:00:18,49.4999,-115.7688,89.6,14,0,8.03,clear sky
327,Mega,ET,2022-07-15 20:04:41,4.05,38.3,59.77,78,66,16.44,broken clouds
328,Bethel,US,2022-07-15 20:03:26,41.3712,-73.414,87.19,48,75,5.75,broken clouds
329,Trelew,AR,2022-07-15 20:00:22,-43.249,-65.3051,43.21,70,99,13.62,overcast clouds
330,Nuoro,IT,2022-07-15 20:04:42,40.3211,9.3297,70.93,57,0,2.17,clear sky
331,Sabha,LY,2022-07-15 20:04:42,27.0377,14.4283,83.88,19,0,9.55,clear sky
332,Jatai,BR,2022-07-15 20:04:43,-17.8814,-51.7144,85.77,26,75,6.33,broken clouds
333,Olafsvik,IS,2022-07-15 20:01:48,64.8945,-23.7142,51.57,84,100,14.76,overcast clouds
334,Konskie,PL,2022-07-15 20:04:43,51.1917,20.4061,59.23,61,88,1.34,overcast clouds
335,Razole,IN,2022-07-15 20:04:44,16.4833,81.8333,77.76,89,100,4.72,light rain
336,Nieuw Amsterdam,SR,2022-07-15 20:04:44,5.8833,-55.0833,81.01,88,20,0.0,heavy intensity rain
337,Ko Samui,TH,2022-07-15 20:04:44,9.5357,99.9357,82.15,78,96,17.18,overcast clouds
338,Sholapur,IN,2022-07-15 20:04:45,17.6833,75.9167,74.35,85,100,16.08,overcast clouds
339,Itoman,JP,2022-07-15 20:04:45,26.1247,127.6694,83.17,94,100,10.36,overcast clouds
340,Sorong,ID,2022-07-15 20:04:46,-0.8833,131.25,76.86,91,41,8.97,scattered clouds
341,Viedma,AR,2022-07-15 20:04:46,-40.8135,-62.9967,45.66,84,100,16.22,overcast clouds
342,Broken Hill,AU,2022-07-15 20:01:49,-31.95,141.4333,45.14,40,100,15.14,overcast clouds
343,Manati,PR,2022-07-15 20:04:47,18.4275,-66.4921,87.06,85,12,19.6,few clouds
344,Yigou,CN,2022-07-15 20:04:47,35.8114,114.3167,77.31,93,100,2.08,overcast clouds
345,Torbay,CA,2022-07-15 20:02:24,47.6666,-52.7314,73.89,86,100,3.0,overcast clouds
346,Birjand,IR,2022-07-15 20:04:48,32.8663,59.2211,74.77,13,0,30.04,clear sky
347,Sorland,NO,2022-07-15 20:04:48,67.667,12.6934,48.06,81,100,12.48,overcast clouds
348,Bulgan,MN,2022-07-15 20:03:21,48.8125,103.5347,51.6,90,88,4.07,overcast clouds
349,Nantucket,US,2022-07-15 20:03:55,41.2835,-70.0995,78.91,80,0,6.91,clear sky
350,Halifax,CA,2022-07-15 19:59:57,44.6453,-63.5724,76.89,77,79,7.0,broken clouds
351,Gornopravdinsk,RU,2022-07-15 20:04:49,60.05,69.9,62.02,96,87,4.07,moderate rain
352,Namibe,AO,2022-07-15 20:04:49,-15.1961,12.1522,65.28,96,22,0.89,few clouds
353,Sinaloa,MX,2022-07-15 20:00:29,25.0,-107.5,92.61,42,10,8.05,clear sky
354,Buchanan,LR,2022-07-15 20:04:50,5.8808,-10.0467,75.52,86,100,9.62,light rain
355,Pangnirtung,CA,2022-07-15 20:04:50,66.1451,-65.7125,63.14,43,62,3.6,broken clouds
356,Lagos,NG,2022-07-15 20:00:17,6.5833,3.75,75.9,87,96,5.99,overcast clouds
357,Saint George,US,2022-07-15 20:04:51,37.1041,-113.5841,102.63,24,0,4.0,clear sky
358,Zhigansk,RU,2022-07-15 20:04:51,66.7697,123.3711,48.27,75,86,19.84,overcast clouds
359,Pachino,IT,2022-07-15 20:04:52,36.7186,15.0907,77.68,69,0,9.06,clear sky
360,Kota Belud,MY,2022-07-15 20:04:52,6.351,116.4305,76.84,78,100,3.71,overcast clouds
361,Ayan,RU,2022-07-15 20:04:52,56.45,138.1667,57.27,91,100,4.25,overcast clouds
362,Viesca,MX,2022-07-15 20:05:53,25.35,-102.8,92.07,24,1,11.97,clear sky
363,Farmington,US,2022-07-15 20:01:28,36.7281,-108.2187,97.16,22,0,3.0,clear sky
364,Ilhabela,BR,2022-07-15 20:05:54,-23.7781,-45.3581,73.6,68,88,5.1,overcast clouds
365,Quetta,PK,2022-07-15 20:05:54,30.199,67.0097,74.82,56,91,5.01,overcast clouds
366,Mitu,CO,2022-07-15 20:01:32,1.1983,-70.1733,72.91,95,100,1.88,overcast clouds
367,Tautira,PF,2022-07-15 20:05:54,-17.7333,-149.15,75.24,71,45,21.65,light rain
368,Touros,BR,2022-07-15 20:05:55,-5.1989,-35.4608,76.66,85,25,14.79,scattered clouds
369,Bonavista,CA,2022-07-15 20:05:55,48.6499,-53.1147,58.42,90,99,11.32,overcast clouds
370,Saint Anthony,US,2022-07-15 20:02:25,45.0205,-93.218,90.82,55,40,6.91,scattered clouds
371,Riyadh,SA,2022-07-15 20:04:43,24.6877,46.7219,95.14,10,76,10.18,broken clouds
372,Hede,CN,2022-07-15 20:05:55,33.7681,120.2517,75.22,83,79,1.01,broken clouds
373,Roald,NO,2022-07-15 20:05:56,62.5833,6.1333,55.17,76,40,3.44,scattered clouds
374,Meulaboh,ID,2022-07-15 20:05:56,4.1363,96.1285,76.66,88,90,4.34,overcast clouds
375,Lakatoro,VU,2022-07-15 20:05:56,-16.0999,167.4164,76.78,85,76,14.27,broken clouds
376,Woodward,US,2022-07-15 20:05:57,36.4337,-99.3904,105.03,25,0,13.8,clear sky
377,Chara,RU,2022-07-15 20:05:57,56.9064,118.2631,63.16,77,100,0.81,overcast clouds
378,Porta Westfalica,DE,2022-07-15 20:05:58,52.2378,8.919,62.65,65,73,2.3,broken clouds
379,Khonsa,IN,2022-07-15 20:05:58,27.0167,95.5667,70.57,96,9,4.7,clear sky
380,Yongan,CN,2022-07-15 20:05:58,39.6957,113.6871,73.44,74,100,1.28,overcast clouds
381,Kropotkin,RU,2022-07-15 20:05:59,45.4375,40.5756,71.64,57,0,6.22,clear sky
382,Miles City,US,2022-07-15 20:05:59,46.4083,-105.8406,97.77,28,0,9.22,clear sky
383,Baykit,RU,2022-07-15 20:05:59,61.67,96.37,49.05,92,86,1.1,overcast clouds
384,Anadyr,RU,2022-07-15 20:06:00,64.75,177.4833,50.0,66,68,11.01,broken clouds
385,Honningsvag,NO,2022-07-15 20:06:00,70.9821,25.9704,55.15,82,20,9.22,few clouds
386,Bicas,BR,2022-07-15 20:06:01,-21.7253,-43.0594,74.88,51,48,6.31,scattered clouds
387,Yaan,NG,2022-07-15 20:06:01,7.3833,8.5667,72.46,95,100,5.66,light rain
388,Fairbanks,US,2022-07-15 20:04:33,64.8378,-147.7164,69.6,48,100,9.22,overcast clouds
389,Sitka,US,2022-07-15 20:06:02,57.0531,-135.33,55.29,88,75,9.22,broken clouds
390,Mayumba,GA,2022-07-15 20:06:02,-3.432,10.6554,69.76,92,4,4.7,clear sky
391,Soyaux,FR,2022-07-15 20:06:03,45.65,0.2,78.78,41,100,8.12,overcast clouds
392,Mirnyy,RU,2022-07-15 20:06:03,62.5353,113.9611,59.23,100,89,8.99,overcast clouds
393,Avera,US,2022-07-15 20:06:04,33.194,-82.5271,91.54,40,39,5.77,scattered clouds
394,Atambua,ID,2022-07-15 20:06:04,-9.1061,124.8925,66.42,84,100,5.82,overcast clouds
395,Amarante,BR,2022-07-15 20:06:04,-6.2411,-42.8547,93.52,28,65,6.62,broken clouds
396,Salisbury,GB,2022-07-15 20:05:34,51.0693,-1.7957,70.65,62,83,9.73,broken clouds
397,Chumikan,RU,2022-07-15 20:06:05,54.7183,135.315,52.72,99,100,4.18,overcast clouds
398,Usinsk,RU,2022-07-15 20:06:05,65.9939,57.5281,71.01,68,31,8.72,scattered clouds
399,Jiuquan,CN,2022-07-15 20:06:06,39.7432,98.5174,70.29,48,100,0.09,overcast clouds
400,Ferry Pass,US,2022-07-15 20:06:06,30.5102,-87.2125,91.02,70,20,10.36,few clouds
401,Berlevag,NO,2022-07-15 20:06:07,70.8578,29.0864,69.6,82,0,20.71,clear sky
402,Zhezkazgan,KZ,2022-07-15 20:06:07,47.8043,67.7144,83.55,27,2,12.3,clear sky
403,Grindavik,IS,2022-07-15 20:06:07,63.8424,-22.4338,52.27,93,100,23.02,heavy intensity rain
404,Ulaangom,MN,2022-07-15 20:06:08,49.9811,92.0667,54.52,57,13,1.63,few clouds
405,Rehli,IN,2022-07-15 20:06:08,23.6333,79.0833,76.86,90,100,4.5,overcast clouds
406,Mangochi,MW,2022-07-15 20:06:09,-14.4782,35.2645,69.4,50,87,11.3,overcast clouds
407,Cap Malheureux,MU,2022-07-15 20:06:09,-19.9842,57.6142,68.47,86,82,8.99,light rain
408,Klaksvik,FO,2022-07-15 20:06:10,62.2266,-6.589,49.12,74,12,5.95,few clouds
409,Marawi,PH,2022-07-15 20:06:10,7.9986,124.2928,68.04,96,86,1.66,overcast clouds
410,Tawang,IN,2022-07-15 20:07:11,27.5833,91.8667,56.71,88,30,1.92,scattered clouds
411,Sao Joao Da Barra,BR,2022-07-15 20:07:11,-21.6403,-41.0511,77.09,78,21,18.5,few clouds
412,Abu Samrah,SY,2022-07-15 20:07:11,35.3029,37.1841,75.04,66,0,14.63,clear sky
413,La Asuncion,VE,2022-07-15 20:05:19,11.0333,-63.8628,77.13,89,100,10.89,overcast clouds
414,Derzhavinsk,KZ,2022-07-15 20:07:12,51.1,66.3167,80.24,43,95,7.07,overcast clouds
415,Yatou,CN,2022-07-15 20:07:12,37.15,122.3833,72.75,67,37,6.6,scattered clouds
416,Kuruman,ZA,2022-07-15 20:07:13,-27.4524,23.4325,54.73,31,0,3.91,clear sky
417,Lensk,RU,2022-07-15 20:07:13,60.7253,114.9278,63.36,100,100,2.71,moderate rain
418,Poletayevo,RU,2022-07-15 20:07:13,55.0336,61.1138,62.42,96,100,6.87,light rain
419,Pringsewu,ID,2022-07-15 20:07:14,-5.3582,104.9744,72.52,98,100,3.76,heavy intensity rain
420,Aden,YE,2022-07-15 20:07:14,12.7794,45.0367,86.16,68,68,14.03,broken clouds
421,Gat,IL,2022-07-15 20:05:05,31.61,34.7642,79.81,100,1,5.66,clear sky
422,Melfi,IT,2022-07-15 20:07:15,40.9965,15.6514,71.49,35,0,5.12,clear sky
423,Komsomolskiy,UZ,2022-07-15 20:04:46,40.4272,71.7189,79.52,29,0,4.61,clear sky
424,Ouadda,CF,2022-07-15 20:07:15,8.0777,22.4007,67.66,96,60,1.86,broken clouds
425,Altamira,BR,2022-07-15 20:07:16,-3.2033,-52.2064,83.19,67,100,1.12,overcast clouds
426,Bandarbeyla,SO,2022-07-15 20:03:29,9.4942,50.8122,79.05,78,100,30.98,overcast clouds
427,Taoudenni,ML,2022-07-15 20:07:16,22.6783,-3.9836,105.53,6,0,22.48,clear sky
428,Bereda,ES,2022-07-15 20:06:03,43.2686,-7.5406,77.58,95,100,1.9,overcast clouds
429,Baruun-Urt,MN,2022-07-15 20:07:17,46.6806,113.2792,59.85,92,100,10.42,overcast clouds
430,Diffa,NE,2022-07-15 20:07:17,13.3154,12.6113,78.12,74,100,1.97,overcast clouds
431,Jumla,NP,2022-07-15 20:03:05,29.2747,82.1838,62.55,88,77,0.13,broken clouds
432,Ayagoz,KZ,2022-07-15 20:07:18,47.9714,80.4392,64.38,41,0,3.49,clear sky
433,Los Llanos De Aridane,ES,2022-07-15 20:07:19,28.6585,-17.9182,69.55,88,20,13.8,few clouds
434,Pincher Creek,CA,2022-07-15 20:02:29,49.4833,-113.952,90.01,13,16,14.27,few clouds
435,Barrhead,GB,2022-07-15 20:07:19,55.7992,-4.3929,59.85,77,75,11.5,broken clouds
436,Nhulunbuy,AU,2022-07-15 20:07:20,-12.2333,136.7667,70.41,78,100,10.36,overcast clouds
437,Saint-Joseph,RE,2022-07-15 20:07:20,-21.3667,55.6167,64.78,79,38,12.28,light rain
438,Evensk,RU,2022-07-15 20:07:20,61.95,159.2333,60.44,75,0,3.74,clear sky
439,Lufilufi,WS,2022-07-15 20:07:21,-13.8745,-171.5986,77.79,81,30,20.76,light rain
440,Burnie,AU,2022-07-15 20:07:09,-41.0667,145.9167,47.95,89,100,7.25,overcast clouds
441,Kosh-Agach,RU,2022-07-15 20:07:22,50.0,88.6667,47.8,77,88,3.04,overcast clouds
442,Auki,SB,2022-07-15 20:07:22,-8.7676,160.7034,76.23,85,100,3.78,overcast clouds
443,Mitsamiouli,KM,2022-07-15 20:07:22,-11.3847,43.2844,77.05,68,9,12.33,clear sky
444,Bouna,CI,2022-07-15 20:07:23,9.2667,-3.0,76.96,75,100,4.61,overcast clouds
445,Marsabit,KE,2022-07-15 20:07:23,2.3284,37.9899,66.47,58,46,25.21,scattered clouds
446,Ocos,GT,2022-07-15 20:07:23,14.5094,-92.1933,84.38,76,77,6.93,broken clouds
447,Valley City,US,2022-07-15 20:05:05,46.9233,-98.0032,84.72,58,0,4.61,clear sky
448,Imeni Poliny Osipenko,RU,2022-07-15 20:07:24,52.4201,136.4853,59.22,96,13,5.1,few clouds
449,Puerto El Triunfo,SV,2022-07-15 20:07:24,13.2833,-88.55,89.38,55,43,6.96,scattered clouds
450,San Rafael,AR,2022-07-15 20:07:25,-34.6177,-68.3301,43.05,54,100,12.86,overcast clouds
451,Altoona,US,2022-07-15 20:07:25,40.5187,-78.3947,84.33,47,7,4.05,clear sky
452,Ahuimanu,US,2022-07-15 20:07:25,21.4447,-157.8378,85.71,81,40,13.8,light rain
453,Ambilobe,MG,2022-07-15 20:07:26,-13.2,49.05,66.54,87,4,3.29,clear sky
454,Karratha,AU,2022-07-15 20:07:26,-20.7377,116.8463,63.84,46,2,5.41,clear sky
455,Belyy Yar,RU,2022-07-15 20:07:27,53.6039,91.3903,57.09,73,0,2.24,clear sky
456,Richards Bay,ZA,2022-07-15 20:07:27,-28.783,32.0377,61.59,84,43,1.59,scattered clouds
457,Kerema,PG,2022-07-15 20:07:27,-7.9631,145.7785,74.68,80,100,9.6,overcast clouds
458,Yarada,IN,2022-07-15 20:08:18,17.65,83.2667,79.12,100,75,2.3,light intensity drizzle
459,Banda Aceh,ID,2022-07-15 20:08:28,5.5577,95.3222,79.95,78,100,10.76,overcast clouds
460,Ola,RU,2022-07-15 20:08:28,59.5833,151.2833,62.15,96,100,0.83,light rain
461,Parczew,PL,2022-07-15 20:08:29,51.6402,22.9006,58.24,66,12,7.31,few clouds
462,Wittingen,DE,2022-07-15 20:08:29,52.7269,10.7361,60.8,83,66,6.76,broken clouds
463,Tukrah,LY,2022-07-15 20:08:30,32.5341,20.5791,76.87,66,0,9.42,clear sky
464,Camapua,BR,2022-07-15 20:08:30,-19.5314,-54.0439,90.82,20,19,10.78,few clouds
465,Verkhoyansk,RU,2022-07-15 20:08:31,67.5447,133.385,62.2,73,100,9.57,overcast clouds
466,Basar,IN,2022-07-15 20:08:31,27.9833,94.6667,73.35,98,9,2.51,clear sky
467,Geraldton,AU,2022-07-15 20:08:31,-28.7667,114.6,52.21,93,75,9.22,broken clouds
468,Sabang,ID,2022-07-15 20:08:32,5.8933,95.3214,82.42,77,100,16.73,overcast clouds
469,Elat,IL,2022-07-15 20:08:32,29.5581,34.9482,89.44,40,0,11.5,clear sky
470,Kalianget,ID,2022-07-15 20:08:33,-7.05,113.9333,80.35,78,85,12.06,overcast clouds
471,Les Cayes,HT,2022-07-15 20:08:33,18.2,-73.75,86.85,58,0,10.87,clear sky
472,Marica,BR,2022-07-15 20:03:38,-22.9194,-42.8186,80.55,68,100,9.82,overcast clouds
473,Akyab,MM,2022-07-15 20:08:33,20.15,92.9,81.21,85,99,13.53,overcast clouds
474,Dongsheng,CN,2022-07-15 20:08:34,39.8161,109.9776,69.08,56,100,13.04,overcast clouds
475,Porto Belo,BR,2022-07-15 20:08:34,-27.1578,-48.5531,74.08,92,99,6.35,overcast clouds
476,Mount Gambier,AU,2022-07-15 20:08:35,-37.8333,140.7667,47.53,72,100,14.67,light rain
477,Thunder Bay,CA,2022-07-15 20:08:35,48.4001,-89.3168,67.51,61,20,8.46,few clouds
478,Shache,CN,2022-07-15 20:08:35,38.4167,77.2406,72.86,45,26,7.81,scattered clouds
479,Alvand,IR,2022-07-15 20:08:36,36.3187,49.1678,60.98,64,0,3.87,clear sky
480,Kurilsk,RU,2022-07-15 20:08:36,45.2333,147.8833,52.79,87,10,6.08,clear sky
481,Junnar,IN,2022-07-15 20:08:37,19.2,73.8833,70.93,97,100,11.77,overcast clouds
482,Moose Factory,CA,2022-07-15 20:08:37,51.2585,-80.6094,80.51,33,100,12.39,overcast clouds
483,Ruteng,ID,2022-07-15 20:08:37,-8.6136,120.4721,60.66,95,93,3.06,overcast clouds
484,Erzin,TR,2022-07-15 20:08:38,36.9559,36.2,74.82,80,6,2.53,clear sky
485,Vaitape,PF,2022-07-15 20:08:38,-16.5167,-151.75,77.61,61,70,21.65,broken clouds
486,Benghazi,LY,2022-07-15 20:08:39,32.1167,20.0667,77.97,66,0,11.86,clear sky
487,Ust-Kuyga,RU,2022-07-15 20:08:39,70.0167,135.6,46.6,83,99,6.76,overcast clouds
488,Vysokogornyy,RU,2022-07-15 20:08:39,50.1167,139.15,52.77,90,100,3.87,overcast clouds
489,Bobo Dioulasso,BF,2022-07-15 20:08:40,11.1771,-4.2979,78.03,79,60,5.23,broken clouds
490,Porto Novo,BJ,2022-07-15 20:08:40,6.4965,2.6036,76.39,86,71,7.94,broken clouds
491,Chippewa Falls,US,2022-07-15 20:06:16,44.9369,-91.3929,82.58,61,100,6.53,overcast clouds
492,Guane,CU,2022-07-15 20:08:41,22.2025,-84.0875,89.46,49,85,6.29,overcast clouds
493,Marsh Harbour,BS,2022-07-15 20:05:33,26.5412,-77.0636,82.74,73,100,14.7,overcast clouds
494,Kerchevskiy,RU,2022-07-15 20:08:41,59.946,56.2884,62.11,95,91,2.51,overcast clouds
495,Hue,VN,2022-07-15 20:08:42,16.4667,107.6,82.51,83,40,4.61,scattered clouds
496,Zeya,RU,2022-07-15 20:08:42,53.75,127.2667,65.46,81,41,3.58,scattered clouds
497,Vincennes,FR,2022-07-15 20:08:42,48.85,2.4333,75.92,34,0,6.91,clear sky
498,Ornskoldsvik,SE,2022-07-15 20:08:43,63.2909,18.7153,54.55,82,100,13.8,overcast clouds
499,Kodinsk,RU,2022-07-15 20:08:43,58.6881,99.1844,52.97,68,45,0.94,scattered clouds
500,Cherskiy,RU,2022-07-15 20:05:58,68.75,161.3,54.59,39,76,4.23,broken clouds
501,Tarauaca,BR,2022-07-15 20:08:44,-8.1614,-70.7656,82.83,68,99,2.98,overcast clouds
502,Griffith,US,2022-07-15 20:08:44,41.5284,-87.4237,72.9,94,75,13.8,mist
503,Mangan,IN,2022-07-15 20:08:45,27.5167,88.5333,75.67,86,10,3.11,clear sky
504,Hay River,CA,2022-07-15 20:08:45,60.8156,-115.7999,62.2,63,100,9.78,overcast clouds
505,Alta Floresta,BR,2022-07-15 20:08:46,-9.8756,-56.0861,97.97,21,6,4.21,clear sky
506,Bilma,NE,2022-07-15 20:09:46,18.6853,12.9164,80.85,69,87,27.89,overcast clouds
507,Bakchar,RU,2022-07-15 20:09:46,57.0186,82.0711,54.61,94,100,1.99,light rain
508,Nome,US,2022-07-15 20:09:47,64.5011,-165.4064,60.87,45,0,9.22,clear sky
509,Lopsmarka,NO,2022-07-15 20:09:47,67.3134,14.4493,49.89,91,75,16.11,light intensity drizzle
510,Baker City,US,2022-07-15 20:06:01,44.7749,-117.8344,83.91,25,0,6.91,clear sky
511,Araouane,ML,2022-07-15 20:09:48,18.9048,-3.5265,101.37,14,3,3.96,clear sky
512,Adre,TD,2022-07-15 20:06:33,13.4667,22.2,72.37,88,100,5.82,moderate rain
513,Kloulklubed,PW,2022-07-15 20:09:48,7.0419,134.2556,75.7,75,99,9.08,light rain
514,Gairatganj,IN,2022-07-15 20:09:49,23.4202,78.2385,74.8,93,93,6.08,light rain
515,Margate,GB,2022-07-15 20:09:49,51.3813,1.3862,69.69,60,56,10.47,broken clouds
516,Umm Kaddadah,SD,2022-07-15 20:06:26,13.6017,26.6876,79.03,66,100,15.32,overcast clouds
517,Chateaubelair,VC,2022-07-15 20:09:49,13.2833,-61.25,79.95,82,28,15.59,scattered clouds
518,Da Lat,VN,2022-07-15 20:09:50,11.9465,108.4419,61.38,99,80,0.74,broken clouds
519,Kaitangata,NZ,2022-07-15 20:09:50,-46.2817,169.8464,37.78,93,29,10.89,scattered clouds
520,Morwell,AU,2022-07-15 20:09:51,-38.2333,146.4,47.41,86,100,1.16,overcast clouds
521,Muzaffarabad,PK,2022-07-15 20:09:51,34.37,73.4711,73.72,79,6,5.64,clear sky
522,Zemio,CF,2022-07-15 20:09:51,5.0314,25.1361,68.9,94,64,2.53,broken clouds
523,Shar,KZ,2022-07-15 20:09:52,49.5886,81.0453,70.36,42,7,5.48,clear sky
524,Mantua,IT,2022-07-15 20:09:52,45.1667,10.7833,87.04,62,58,7.0,broken clouds
525,Belaya Gora,RU,2022-07-15 20:09:53,68.5333,146.4167,64.09,64,97,10.42,overcast clouds
526,Biak,ID,2022-07-15 20:09:53,-0.9131,122.8766,73.72,88,100,6.04,overcast clouds
527,Walvis Bay,NA,2022-07-15 20:09:54,-22.9575,14.5053,73.09,30,0,3.31,clear sky
528,Kahama,TZ,2022-07-15 20:09:54,-3.8333,32.6,71.47,44,80,7.63,broken clouds
529,Arlit,NE,2022-07-15 20:09:54,18.7369,7.3853,97.56,10,6,11.25,clear sky
530,Edd,ER,2022-07-15 20:09:55,13.9297,41.6925,91.8,62,99,0.54,overcast clouds
531,Lalsk,RU,2022-07-15 20:09:55,60.7415,47.5862,61.81,99,61,4.7,broken clouds
532,Vila Franca Do Campo,PT,2022-07-15 20:09:55,37.7167,-25.4333,70.21,88,45,12.84,light rain
533,Camana,PE,2022-07-15 20:09:56,-16.6228,-72.7111,62.92,74,29,10.83,scattered clouds
534,Muzhi,RU,2022-07-15 20:09:56,65.3667,64.6667,61.38,75,20,6.91,few clouds
535,Marystown,CA,2022-07-15 20:09:57,47.1666,-55.1483,66.58,59,53,6.69,broken clouds
536,Vostok,RU,2022-07-15 20:09:57,46.4856,135.8833,55.35,96,100,4.03,overcast clouds
537,Namtsy,RU,2022-07-15 20:09:57,62.7161,129.6658,66.69,88,100,1.7,overcast clouds
538,Maloy,NO,2022-07-15 20:09:58,61.9353,5.1136,53.33,78,56,4.79,broken clouds
539,Lujiang,CN,2022-07-15 20:09:58,31.2581,117.2817,83.75,76,100,4.92,overcast clouds
540,Nouadhibou,MR,2022-07-15 20:09:59,20.931,-17.0347,68.09,91,35,23.98,scattered clouds
541,Bambanglipuro,ID,2022-07-15 20:09:59,-7.95,110.2833,74.44,91,14,4.21,few clouds
542,Kimberley,ZA,2022-07-15 20:09:59,-28.7323,24.7623,56.3,23,0,8.16,clear sky
543,Adrar,MR,2022-07-15 20:10:00,20.5022,-10.0711,102.52,14,5,10.6,clear sky
544,Salair,RU,2022-07-15 20:10:00,54.2312,85.7972,51.69,77,76,2.04,broken clouds
545,Orlik,RU,2022-07-15 20:10:01,52.5178,99.825,38.46,94,23,0.81,few clouds
546,Vieux-Habitants,GP,2022-07-15 20:10:01,16.0589,-61.7659,85.57,72,0,15.41,clear sky
547,San Juan,AR,2022-07-15 20:06:25,-31.5375,-68.5364,38.77,89,100,14.34,overcast clouds
548,Nkoteng,CM,2022-07-15 20:10:03,4.5167,12.0333,68.54,98,40,5.14,scattered clouds
549,Sawtell,AU,2022-07-15 20:10:03,-30.3833,153.1,48.22,81,62,9.22,broken clouds
550,Ust-Ilimsk,RU,2022-07-15 20:10:05,58.0006,102.6619,54.28,75,100,3.76,overcast clouds
551,Awbari,LY,2022-07-15 20:10:05,26.5921,12.7805,85.28,19,0,9.42,clear sky
552,Teshie,GH,2022-07-15 20:10:06,5.5836,-0.1072,76.32,87,52,12.33,broken clouds
553,Mehamn,NO,2022-07-15 20:10:06,71.0357,27.8492,57.15,77,0,4.61,clear sky
554,Parakai,NZ,2022-07-15 20:10:07,-36.65,174.4333,51.13,91,95,8.68,overcast clouds
555,Frontera,MX,2022-07-15 20:11:08,26.9333,-101.45,94.32,39,17,3.0,few clouds
556,Coruripe,BR,2022-07-15 20:07:06,-10.1256,-36.1756,73.89,86,5,11.21,clear sky
557,Tadine,NC,2022-07-15 20:11:08,-21.55,167.8833,68.32,58,11,16.84,few clouds
558,Nacimiento,CL,2022-07-15 20:11:09,-37.5,-72.6667,47.17,80,100,4.23,moderate rain
559,Huancabamba,PE,2022-07-15 20:11:09,-5.2386,-79.4506,68.34,69,71,4.68,light rain
560,Grand-Lahou,CI,2022-07-15 20:11:10,5.1367,-5.0242,75.22,89,59,10.51,broken clouds
561,Bongandanga,CD,2022-07-15 20:11:10,1.5,21.05,75.38,72,79,2.86,light rain
562,Garmsar,IR,2022-07-15 20:11:11,35.2182,52.3409,87.03,29,0,8.46,clear sky
563,Panguipulli,CL,2022-07-15 20:11:12,-39.6333,-72.3333,46.0,73,86,2.8,overcast clouds
564,Rawson,AR,2022-07-15 20:11:13,-43.3002,-65.1023,43.5,72,100,14.67,overcast clouds
565,Aklavik,CA,2022-07-15 20:11:13,68.2191,-135.0107,55.63,50,80,7.23,broken clouds
566,Lingyuan,CN,2022-07-15 20:11:14,41.24,119.4011,67.12,84,60,5.01,broken clouds
567,Mineros,BO,2022-07-15 20:11:14,-17.1167,-63.2333,85.91,51,98,12.53,overcast clouds
568,Bogo,PH,2022-07-15 20:11:15,11.0517,124.0055,78.96,82,94,1.36,overcast clouds
569,Ciudad Bolivar,VE,2022-07-15 20:11:16,8.1222,-63.5497,85.69,64,88,3.24,overcast clouds
570,Maceio,BR,2022-07-15 20:11:16,-9.6658,-35.7353,80.04,73,20,11.5,few clouds
571,Imbituba,BR,2022-07-15 20:11:16,-28.24,-48.6703,69.85,90,100,8.99,light rain
572,Hot Springs,US,2022-07-15 20:11:17,34.5037,-93.0552,95.4,37,0,8.05,clear sky
573,Lenger,KZ,2022-07-15 20:11:17,42.183,69.8839,81.84,22,0,6.46,clear sky
574,San Carlos De Bariloche,AR,2022-07-15 20:07:44,-41.1456,-71.3082,37.24,69,75,14.97,broken clouds
575,Barcelos,PT,2022-07-15 20:11:14,41.5388,-8.6151,79.92,77,23,3.74,few clouds
576,Praia Da Vitoria,PT,2022-07-15 20:11:18,38.7333,-27.0667,74.75,75,18,17.34,few clouds
577,Manta,EC,2022-07-15 20:11:18,-0.95,-80.7333,78.58,73,40,13.8,scattered clouds
578,Chuy,UY,2022-07-15 20:11:19,-33.6971,-53.4616,59.25,99,100,3.4,overcast clouds
579,Yarmouth,US,2022-07-15 20:11:12,41.7057,-70.2286,83.97,49,0,4.61,clear sky
580,Scarborough,GB,2022-07-15 20:11:20,54.2797,-0.4044,60.78,77,13,9.4,few clouds
581,San Roque,ES,2022-07-15 20:11:20,36.2107,-5.3842,74.23,73,75,6.91,broken clouds
582,Qena,EG,2022-07-15 20:11:21,26.1615,32.7183,88.0,25,0,12.86,clear sky
583,Rennes,FR,2022-07-15 20:11:21,48.1667,-1.6667,73.44,53,0,11.5,clear sky
584,Yelan-Kolenovskiy,RU,2022-07-15 20:11:22,51.1632,41.151,65.71,66,1,7.7,clear sky
585,Goderich,CA,2022-07-15 20:10:08,43.7501,-81.7165,73.9,57,90,5.06,overcast clouds
586,Samarai,PG,2022-07-15 20:11:22,-10.6167,150.6667,76.24,74,97,15.64,overcast clouds
587,Lavrentiya,RU,2022-07-15 20:11:23,65.5833,-171.0,45.03,65,14,6.26,few clouds
588,Ambon,ID,2022-07-15 20:11:23,-3.6954,128.1814,79.23,14,84,12.37,broken clouds
589,Hervey Bay,AU,2022-07-15 20:11:23,-25.2986,152.8535,57.99,80,10,11.88,clear sky
590,Alice Springs,AU,2022-07-15 20:11:24,-23.7,133.8833,36.95,52,0,4.61,clear sky
591,Semnan,IR,2022-07-15 20:11:24,35.5729,53.3971,81.0,32,0,11.1,clear sky
592,Kibala,TD,2022-07-15 20:11:24,9.1104,18.3463,74.86,85,86,3.13,light rain
593,Maryville,US,2022-07-15 20:07:13,35.7565,-83.9705,92.17,46,100,5.75,overcast clouds
594,Kembe,CF,2022-07-15 20:11:25,4.6228,21.8865,71.42,87,96,2.86,overcast clouds
595,Malyn,UA,2022-07-15 20:11:25,50.7723,29.2383,57.09,88,0,5.99,clear sky
596,Torbat-E Jam,IR,2022-07-15 20:11:26,35.244,60.6225,78.67,13,0,12.35,clear sky
597,Kalevala,RU,2022-07-15 20:11:26,65.2,31.1667,55.15,90,100,2.48,overcast clouds
598,Craig,US,2022-07-15 20:11:25,40.5153,-107.5464,84.15,32,75,16.11,broken clouds
599,Mogadishu,SO,2022-07-15 20:11:27,2.0371,45.3438,76.55,82,100,19.35,overcast clouds
600,Staraya Russa,RU,2022-07-15 20:12:27,57.9944,31.3608,52.84,95,16,7.0,few clouds
601,Ixtapa,MX,2022-07-15 20:12:28,20.7,-105.2,89.22,66,20,10.36,few clouds
602,Guanare,VE,2022-07-15 20:12:28,9.0418,-69.7421,87.1,57,34,4.7,scattered clouds
603,Azad Shahr,IR,2022-07-15 20:12:28,34.7909,48.5707,71.17,22,0,7.31,clear sky
604,Takoradi,GH,2022-07-15 20:12:29,4.8845,-1.7554,75.58,88,81,11.72,broken clouds
605,Murdochville,CA,2022-07-15 20:12:29,48.9583,-65.5006,67.19,42,71,12.19,broken clouds
606,Mahajanga,MG,2022-07-15 20:12:30,-15.7167,46.3167,70.11,75,5,7.07,clear sky
607,Kenai,US,2022-07-15 20:12:17,60.5544,-151.2583,61.03,92,100,13.8,light rain
608,Bilibino,RU,2022-07-15 20:12:30,68.0546,166.4372,57.33,52,100,3.09,overcast clouds
609,Port Shepstone,ZA,2022-07-15 20:12:30,-30.7414,30.455,62.06,74,32,6.46,scattered clouds
610,Tarabuco,BO,2022-07-15 20:12:31,-19.1667,-64.9167,60.46,15,100,10.07,overcast clouds
611,Malanje,AO,2022-07-15 20:12:31,-9.5402,16.341,67.73,31,0,2.64,clear sky
612,Kudahuvadhoo,MV,2022-07-15 20:12:31,2.6708,72.8944,82.96,75,97,8.28,overcast clouds
613,Blythe,US,2022-07-15 20:12:32,33.6103,-114.5964,107.04,21,1,2.28,clear sky
614,Mount Isa,AU,2022-07-15 20:12:23,-20.7333,139.5,49.77,46,0,5.75,clear sky
615,Enshi,CN,2022-07-15 20:12:33,30.3,109.4833,75.51,93,100,0.16,overcast clouds
616,Neuquen,AR,2022-07-15 20:12:25,-38.9516,-68.0591,42.04,73,100,12.68,light rain
617,Canavieiras,BR,2022-07-15 20:07:46,-15.675,-38.9472,71.15,89,94,4.9,overcast clouds
618,Cozumel,MX,2022-07-15 20:12:33,20.5083,-86.9458,89.67,69,40,11.5,scattered clouds
619,Ogaminana,NG,2022-07-15 20:12:34,7.5946,6.2248,72.93,94,97,7.94,light rain
620,Baghdad,IQ,2022-07-15 20:12:34,33.3406,44.4009,97.54,14,0,10.4,clear sky
621,Qingdao,CN,2022-07-15 20:12:34,36.0986,120.3719,78.57,68,45,3.78,scattered clouds
622,Itacarambi,BR,2022-07-15 20:12:35,-15.1022,-44.0919,82.62,28,48,3.98,scattered clouds
623,Pangoa,PE,2022-07-15 20:12:35,-12.1167,-73.0,78.55,75,100,2.35,overcast clouds
624,Sagua De Tanamo,CU,2022-07-15 20:12:36,20.5819,-75.2414,86.27,65,96,4.12,overcast clouds
625,Vozhega,RU,2022-07-15 20:12:36,60.4725,40.2213,54.97,98,40,4.7,scattered clouds
626,Poya,NC,2022-07-15 20:11:28,-21.35,165.15,64.92,66,9,11.03,clear sky
627,Hermon,US,2022-07-15 20:12:36,44.8101,-68.9134,87.53,41,40,9.22,scattered clouds
628,Pingliang,CN,2022-07-15 20:12:37,35.5392,106.6861,66.11,80,100,17.54,overcast clouds
629,Andenes,NO,2022-07-15 20:11:24,69.3143,16.1194,49.98,87,75,8.05,light rain
630,Russell,US,2022-07-15 20:12:37,32.3502,-85.1999,91.96,62,0,9.22,clear sky
631,Glace Bay,CA,2022-07-15 20:12:38,46.1969,-59.957,67.78,75,96,5.01,overcast clouds
632,Diego De Almagro,CL,2022-07-15 20:11:28,-26.3667,-70.05,49.77,58,84,12.55,broken clouds
633,Mahibadhoo,MV,2022-07-15 20:12:38,3.7833,72.9667,82.94,76,32,8.59,scattered clouds
634,Cassia,BR,2022-07-15 20:12:39,-20.5831,-46.9219,77.77,34,87,3.8,overcast clouds
635,Lusambo,CD,2022-07-15 20:12:39,-4.9667,23.45,81.0,39,84,1.32,broken clouds
636,Varena,LT,2022-07-15 20:12:39,54.2167,24.5667,52.21,95,12,7.54,few clouds
637,Mayo,US,2022-07-15 20:12:40,38.8876,-76.5119,90.36,61,20,5.99,few clouds
638,Novikovo,RU,2022-07-15 20:12:40,51.1537,37.8879,68.63,71,58,5.66,light rain
639,Tigil,RU,2022-07-15 20:12:40,57.8,158.6667,61.86,77,89,3.36,overcast clouds
640,Korla,CN,2022-07-15 20:12:41,41.7597,86.1469,79.05,35,100,16.02,overcast clouds
641,Dunyapur,PK,2022-07-15 20:12:41,29.7995,71.7196,84.22,73,73,10.25,broken clouds
642,Bertoua,CM,2022-07-15 20:12:42,4.5833,13.6833,68.29,96,68,2.82,broken clouds
643,Saurimo,AO,2022-07-15 20:12:42,-9.6608,20.3916,65.08,39,0,4.43,clear sky
644,Almenara,BR,2022-07-15 20:12:42,-16.1836,-40.6944,77.16,54,49,4.45,scattered clouds
645,Padang,ID,2022-07-15 20:12:43,-0.9492,100.3543,77.81,87,95,2.84,overcast clouds
646,Iwanai,JP,2022-07-15 20:12:43,42.9744,140.5089,63.57,97,100,7.99,moderate rain
647,Minas,UY,2022-07-15 20:11:27,-34.3759,-55.2377,59.52,96,98,5.59,overcast clouds
648,Azangaro,PE,2022-07-15 20:13:44,-14.9167,-70.2167,62.89,17,96,16.37,overcast clouds
649,Sergeyevka,KZ,2022-07-15 20:13:44,53.88,67.4158,66.76,90,98,5.08,moderate rain
650,Brandon,US,2022-07-15 20:13:45,27.9378,-82.2859,96.21,60,75,5.01,broken clouds
651,Leshukonskoye,RU,2022-07-15 20:13:45,64.8989,45.7622,63.36,98,100,6.42,light rain
652,Dibulla,CO,2022-07-15 20:13:45,11.2725,-73.3091,85.62,64,8,9.91,clear sky
653,Oyon,PE,2022-07-15 20:13:46,-10.6681,-76.7731,58.46,31,3,9.35,clear sky
654,Sibu,MY,2022-07-15 20:13:46,2.3,111.8167,74.41,94,100,1.3,overcast clouds
655,Amsterdam,NL,2022-07-15 20:11:50,52.374,4.8897,65.89,67,0,8.05,clear sky
656,Sakakah,SA,2022-07-15 20:13:47,29.9697,40.2064,89.38,17,0,8.7,clear sky
657,Hami,CN,2022-07-15 20:13:47,42.8,93.45,77.86,11,19,11.88,few clouds
658,El Retorno,CO,2022-07-15 20:13:47,2.3302,-72.6276,78.15,93,98,4.41,overcast clouds
659,Ahraura,IN,2022-07-15 20:13:48,25.0167,83.0167,89.02,58,89,10.29,overcast clouds
660,Londoko,RU,2022-07-15 20:13:48,49.0333,131.9833,61.63,97,76,3.31,broken clouds
661,New Waterford,US,2022-07-15 20:13:48,40.8451,-80.6145,85.39,38,65,1.01,broken clouds
662,Eureka,US,2022-07-15 20:13:49,40.8021,-124.1637,71.2,72,2,7.0,clear sky
663,Huarmey,PE,2022-07-15 20:13:49,-10.0681,-78.1522,66.4,72,9,14.43,clear sky
664,Juneau,US,2022-07-15 20:09:41,58.3019,-134.4197,64.4,98,75,0.0,broken clouds
665,Palmer,US,2022-07-15 20:13:50,42.1584,-72.3287,85.51,40,8,4.0,clear sky
666,Novoilinsk,RU,2022-07-15 20:13:50,51.6829,108.7143,52.25,98,100,3.62,light rain
667,Neuruppin,DE,2022-07-15 20:13:50,52.9282,12.8031,64.11,62,98,5.3,overcast clouds
668,Tezu,IN,2022-07-15 20:12:05,27.9167,96.1667,78.33,86,20,4.43,few clouds
669,Waipawa,NZ,2022-07-15 20:13:51,-41.4122,175.5153,43.18,79,100,5.44,overcast clouds
670,Rocha,UY,2022-07-15 20:12:04,-34.4833,-54.3333,59.29,97,100,2.24,overcast clouds
671,Kampong Thum,KH,2022-07-15 20:13:51,12.7111,104.8887,76.17,94,62,5.19,broken clouds
672,Bayangol,RU,2022-07-15 20:13:52,50.6977,103.4656,48.99,97,100,2.89,overcast clouds
673,Hit,IQ,2022-07-15 20:13:52,33.6416,42.8251,94.5,18,0,11.72,clear sky
674,Puerto Escondido,MX,2022-07-15 20:13:52,15.85,-97.0667,86.83,62,75,17.27,broken clouds
675,Beloha,MG,2022-07-15 20:13:53,-25.1667,45.05,64.62,88,0,10.4,clear sky
676,Puerto Ayacucho,VE,2022-07-15 20:13:53,5.6639,-67.6236,82.9,77,88,6.15,overcast clouds
677,Miramar,US,2022-07-15 20:09:21,25.9873,-80.2323,89.62,68,75,20.71,broken clouds
678,Belluno,IT,2022-07-15 20:13:54,46.145,12.2214,74.3,78,50,7.0,light rain
679,Otjimbingwe,NA,2022-07-15 20:13:54,-22.35,16.1333,64.29,22,0,6.31,clear sky
680,Gavrilovka Vtoraya,RU,2022-07-15 20:13:54,52.877,42.7663,63.12,63,68,6.17,broken clouds
681,Arys,KZ,2022-07-15 20:13:55,42.4252,68.795,82.89,16,0,10.58,clear sky
682,Bisceglie,IT,2022-07-15 20:13:55,41.242,16.5044,83.77,22,0,1.99,clear sky
683,Diamantino,BR,2022-07-15 20:13:55,-14.4086,-56.4461,93.16,25,87,7.63,overcast clouds
684,Mancio Lima,BR,2022-07-15 20:13:56,-7.6142,-72.8958,84.15,63,98,3.65,overcast clouds
685,Bonthe,SL,2022-07-15 20:13:56,7.5264,-12.505,77.22,81,100,9.26,overcast clouds
686,Bayir,TR,2022-07-15 20:13:57,37.2687,28.2167,70.32,43,0,4.03,clear sky
687,Orodara,BF,2022-07-15 20:13:57,10.9492,-4.9342,76.03,80,63,4.29,light rain
688,Minervino Murge,IT,2022-07-15 20:13:58,41.0843,16.0784,79.23,23,0,2.98,clear sky
689,Melnikovo,RU,2022-07-15 20:13:58,56.5558,84.085,54.25,92,100,1.39,light rain
690,Arcata,US,2022-07-15 20:13:59,40.8665,-124.0828,71.2,72,0,17.27,clear sky
691,Havelock,US,2022-07-15 20:13:59,34.8791,-76.9013,83.05,84,20,10.36,few clouds
692,Susuman,RU,2022-07-15 20:13:59,62.7833,148.1667,68.02,71,100,3.22,overcast clouds
693,Gigmoto,PH,2022-07-15 20:14:00,13.7796,124.39,81.16,83,100,2.04,overcast clouds
694,Benguela,AO,2022-07-15 20:15:00,-12.5763,13.4055,68.56,89,47,2.3,scattered clouds
695,Qandala,SO,2022-07-15 20:15:01,11.472,49.8728,89.22,56,92,8.28,overcast clouds
696,Ndele,CF,2022-07-15 20:15:01,8.4109,20.6473,70.63,94,70,2.44,broken clouds
697,Mayor Pablo Lagerenza,PY,2022-07-15 20:15:02,-19.9309,-60.7718,95.13,33,66,17.09,broken clouds
698,La Ligua,CL,2022-07-15 20:15:02,-32.4524,-71.2311,51.26,69,100,5.23,moderate rain
699,Ormara,PK,2022-07-15 20:15:03,25.2088,64.6357,81.81,85,100,5.12,overcast clouds
700,Valdosta,US,2022-07-15 20:10:09,30.8327,-83.2785,89.55,55,20,4.61,few clouds
701,Tandur,IN,2022-07-15 20:15:03,17.2333,77.5833,74.5,85,99,14.63,overcast clouds
702,Lianran,CN,2022-07-15 20:15:04,24.9227,102.485,64.15,92,75,2.42,broken clouds
